Date,Temp,Light,BathTemp
12/01/2022 00:04:58,25.82,0.00,25
12/01/2022 00:14:58,25.87,0.00,25
12/01/2022 00:24:58,25.82,0.00,25
12/01/2022 00:34:58,25.78,0.00,25
12/01/2022 00:44:58,25.69,0.00,25
12/01/2022 00:54:58,25.57,0.00,25
12/01/2022 01:04:58,25.74,0.00,25
12/01/2022 01:14:58,26.08,0.00,25
12/01/2022 01:24:58,25.87,0.00,25
12/01/2022 01:34:58,26.12,0.00,25
12/01/2022 01:44:58,25.78,0.00,25
12/01/2022 01:54:58,25.78,0.00,25
12/01/2022 02:04:58,25.74,0.00,25
12/01/2022 02:14:58,25.91,0.00,25
12/01/2022 02:24:58,26.04,0.00,25
12/01/2022 02:34:58,25.99,0.00,25
12/01/2022 02:44:58,26.04,0.00,25
12/01/2022 02:54:58,26.17,0.00,25
12/01/2022 03:04:58,26.21,0.00,25
12/01/2022 03:14:58,26.34,0.00,25
12/01/2022 03:24:58,26.04,0.00,25
12/01/2022 03:34:58,26.12,0.00,25
12/01/2022 03:44:58,26.08,0.00,25
12/01/2022 03:54:58,26.04,0.00,25
12/01/2022 04:04:58,26.04,0.00,25
12/01/2022 04:14:58,25.87,0.00,25
12/01/2022 04:24:58,26.04,0.00,25
12/01/2022 04:34:58,26.04,0.00,25
12/01/2022 04:44:58,26.04,0.00,25
12/01/2022 04:54:58,25.91,0.00,25
12/01/2022 05:04:58,25.91,0.00,25
12/01/2022 05:14:58,25.74,0.00,25
12/01/2022 05:24:58,25.74,0.00,25
12/01/2022 05:34:58,25.78,0.00,25
12/01/2022 05:44:58,25.95,0.00,25
12/01/2022 05:54:58,25.87,0.00,25
12/01/2022 06:04:58,25.87,0.00,25
12/01/2022 06:14:58,25.82,0.00,25
12/01/2022 06:24:58,25.99,0.00,25
12/01/2022 06:34:58,26.08,0.00,25
12/01/2022 06:44:58,26.04,0.00,25
12/01/2022 06:54:58,26.12,0.00,25
12/01/2022 07:04:58,26.08,0.00,25
12/01/2022 07:14:58,25.91,0.00,25
12/01/2022 07:24:58,25.82,0.00,25
12/01/2022 07:34:58,25.99,0.00,25
12/01/2022 07:44:58,26.21,0.00,25
12/01/2022 07:54:58,26.04,0.00,25
12/01/2022 08:04:58,25.78,0.00,25
12/01/2022 08:14:58,25.95,0.00,25
12/01/2022 08:24:58,26.21,0.00,25
12/01/2022 08:34:58,26.08,0.00,25
12/01/2022 08:44:58,25.99,0.00,25
12/01/2022 08:54:58,26.17,0.00,25
12/01/2022 09:04:58,26.25,0.00,25
12/01/2022 09:14:58,25.31,9.58,25
12/01/2022 09:24:58,25.52,14.49,25
12/01/2022 09:34:58,25.44,0.00,25
12/01/2022 09:44:58,25.31,0.00,25
12/01/2022 09:54:58,25.39,0.00,25
12/01/2022 10:04:58,25.01,0.00,25
12/01/2022 10:14:58,25.31,0.00,25
12/01/2022 10:24:58,25.14,0.00,25
12/01/2022 10:34:58,25.35,7.34,25
12/01/2022 10:44:58,25.35,0.00,25
12/01/2022 10:54:58,25.09,0.00,25
12/01/2022 11:04:58,25.05,0.00,25
12/01/2022 11:14:58,25.27,0.00,25
12/01/2022 11:24:58,25.05,0.00,25
12/01/2022 11:34:58,25.22,0.00,25
12/01/2022 11:44:58,24.79,0.00,25
12/01/2022 11:54:58,25.01,0.00,25
12/01/2022 12:04:58,25.01,0.00,25
12/01/2022 12:14:58,24.79,0.00,25
12/01/2022 12:24:58,24.84,0.00,25
12/01/2022 12:34:58,24.88,0.00,25
12/01/2022 12:44:58,25.05,0.00,25
12/01/2022 12:54:58,25.57,0.00,25
12/01/2022 13:04:58,26.12,0.00,25
12/01/2022 13:14:58,25.52,0.00,25
12/01/2022 13:24:58,25.52,0.00,25
12/01/2022 13:34:58,25.39,0.40,25
12/01/2022 13:44:58,25.48,0.61,25
12/01/2022 13:54:58,25.65,0.61,25
12/01/2022 14:04:58,25.52,0.61,25
12/01/2022 14:14:58,25.61,0.61,25
12/01/2022 14:24:58,24.92,5562.88,25
12/01/2022 14:34:58,25.31,5570.56,25
12/01/2022 14:44:58,25.52,5504.00,25
12/01/2022 14:54:58,26.21,5465.60,25
12/01/2022 15:04:58,26.42,5460.48,25
12/01/2022 15:14:58,26.17,5437.44,25
12/01/2022 15:24:58,26.55,5527.04,25
12/01/2022 15:34:58,25.61,580.48,25
12/01/2022 15:44:58,26.47,5013.76,25
12/01/2022 15:54:58,24.92,5867.52,25
12/01/2022 16:04:58,26.77,5703.68,25
12/01/2022 16:14:58,26.85,5716.48,25
12/01/2022 16:24:58,26.64,5724.16,25
12/01/2022 16:34:58,26.98,5724.16,25
12/01/2022 16:44:58,27.11,5716.48,25
12/01/2022 16:54:58,27.24,5690.88,25
12/01/2022 17:04:58,27.15,5724.16,25
12/01/2022 17:14:58,26.94,5696.00,25
12/01/2022 17:24:58,26.94,5680.64,25
12/01/2022 17:34:58,26.81,5690.88,25
12/01/2022 17:44:58,26.55,5688.32,25
12/01/2022 17:54:58,26.85,5670.40,25
12/01/2022 18:04:58,26.68,5678.08,25
12/01/2022 18:14:58,26.68,5703.68,25
12/01/2022 18:24:58,26.51,5693.44,25
12/01/2022 18:34:58,26.51,5701.12,25
12/01/2022 18:44:58,26.51,5660.16,25
12/01/2022 18:54:58,26.60,5726.72,25
12/01/2022 19:04:58,26.60,5667.84,25
12/01/2022 19:14:58,26.60,5665.28,25
12/01/2022 19:24:58,26.34,0.00,25
12/01/2022 19:34:58,26.21,0.00,25
12/01/2022 19:44:58,26.34,0.00,25
12/01/2022 19:54:58,26.34,0.00,25
12/01/2022 20:04:58,26.64,6.94,25
12/01/2022 20:14:58,24.62,0.00,25
12/01/2022 20:24:58,24.49,0.00,25
12/01/2022 20:34:58,24.54,0.00,25
12/01/2022 20:44:58,24.66,0.00,25
12/01/2022 20:54:58,24.92,0.00,25
12/01/2022 21:04:58,25.05,0.00,25
12/01/2022 21:14:58,24.71,0.00,25
12/01/2022 21:24:58,25.05,0.00,25
12/01/2022 21:34:58,25.09,0.00,25
12/01/2022 21:44:58,24.84,0.00,25
12/01/2022 21:54:58,25.09,0.00,25
12/01/2022 22:04:58,24.97,0.00,25
12/01/2022 22:14:58,24.88,0.00,25
12/01/2022 22:24:58,25.01,0.00,25
12/01/2022 22:34:58,24.92,0.00,25
12/01/2022 22:44:58,24.79,0.00,25
12/01/2022 22:54:58,25.05,0.00,25
12/01/2022 23:04:58,24.84,0.00,25
12/01/2022 23:14:58,25.05,0.00,25
12/01/2022 23:24:58,25.14,0.00,25
12/01/2022 23:34:58,24.92,0.00,25
12/01/2022 23:44:58,24.75,0.00,25
12/01/2022 23:54:58,24.66,0.00,25
12/02/2022 00:04:58,24.71,0.00,25
12/02/2022 00:14:58,24.71,0.00,25
12/02/2022 00:24:58,24.66,0.00,25
12/02/2022 00:34:58,24.62,0.00,25
12/02/2022 00:44:58,24.62,0.00,25
12/02/2022 00:54:58,24.58,0.00,25
12/02/2022 01:04:58,24.75,0.00,25
12/02/2022 01:14:58,24.79,0.00,25
12/02/2022 01:24:58,24.66,0.00,25
12/02/2022 01:34:58,24.84,0.00,25
12/02/2022 01:44:58,24.62,0.00,25
12/02/2022 01:54:58,24.71,0.00,25
12/02/2022 02:04:58,24.79,0.00,25
12/02/2022 02:14:58,24.71,0.00,25
12/02/2022 02:24:58,24.62,0.00,25
12/02/2022 02:34:58,24.71,0.00,25
12/02/2022 02:44:58,25.01,0.00,25
12/02/2022 02:54:58,24.75,0.00,25
12/02/2022 03:04:58,24.58,0.00,25
12/02/2022 03:14:58,24.75,0.00,25
12/02/2022 03:24:58,24.62,0.00,25
12/02/2022 03:34:58,24.62,0.00,25
12/02/2022 03:44:58,24.54,0.00,25
12/02/2022 03:54:58,24.58,0.00,25
12/02/2022 04:04:58,24.58,0.00,25
12/02/2022 04:14:58,24.66,0.00,25
12/02/2022 04:24:58,24.58,0.00,25
12/02/2022 04:34:58,24.54,0.00,25
12/02/2022 04:44:58,24.41,0.00,25
12/02/2022 04:54:58,24.66,0.00,25
12/02/2022 05:04:58,24.66,0.00,25
12/02/2022 05:14:58,24.62,0.00,25
12/02/2022 05:24:58,24.41,0.00,25
12/02/2022 05:34:58,24.79,0.00,25
12/02/2022 05:44:58,24.58,0.00,25
12/02/2022 05:54:58,24.54,0.00,25
12/02/2022 06:04:58,24.75,0.00,25
12/02/2022 06:14:58,24.49,0.00,25
12/02/2022 06:24:58,24.54,0.00,25
12/02/2022 06:34:58,24.45,0.00,25
12/02/2022 06:44:58,24.49,0.00,25
12/02/2022 06:54:58,24.49,0.00,25
12/02/2022 07:04:58,24.41,0.00,25
12/02/2022 07:14:58,24.36,0.00,25
12/02/2022 07:24:58,24.45,0.00,25
12/02/2022 07:34:58,24.36,0.00,25
12/02/2022 07:44:58,24.32,0.00,25
12/02/2022 07:54:58,24.28,0.00,25
12/02/2022 08:04:58,24.49,0.00,25
12/02/2022 08:14:58,24.75,0.00,25
12/02/2022 08:24:58,24.62,5063.68,25
12/02/2022 08:34:58,24.75,5070.08,25
12/02/2022 08:44:58,25.01,5634.56,25
12/02/2022 08:54:58,25.44,5550.08,25
12/02/2022 09:04:58,25.61,5621.76,25
12/02/2022 09:14:58,25.39,5642.24,25
12/02/2022 09:24:58,25.22,5619.20,25
12/02/2022 09:34:58,25.39,5647.36,25
12/02/2022 09:44:58,25.52,5611.52,25
12/02/2022 09:54:58,25.27,5611.52,25
12/02/2022 10:04:58,25.22,5606.40,25
12/02/2022 10:14:58,25.31,5606.40,25
12/02/2022 10:24:58,24.19,4741.12,25
12/02/2022 10:34:58,24.92,4753.92,25
12/02/2022 10:44:58,25.18,4688.64,25
12/02/2022 10:54:58,25.78,4672.00,25
12/02/2022 11:04:58,25.87,4610.56,25
12/02/2022 11:14:58,26.12,4578.56,25
12/02/2022 11:24:58,26.42,4574.72,25
12/02/2022 11:34:58,26.64,4591.36,25
12/02/2022 11:44:58,26.72,4587.52,25
12/02/2022 11:54:58,26.81,4561.92,25
12/02/2022 12:04:58,27.15,4529.92,25
12/02/2022 12:14:58,27.20,4558.08,25
12/02/2022 12:24:58,27.24,4549.12,25
12/02/2022 12:34:58,27.11,4545.28,25
12/02/2022 12:44:58,26.90,4549.12,25
12/02/2022 12:54:58,27.15,4532.48,25
12/02/2022 13:04:58,27.24,4561.92,25
12/02/2022 13:14:58,27.45,4558.08,25
12/02/2022 13:24:58,27.24,4526.08,25
12/02/2022 13:34:58,27.11,4526.08,25
12/02/2022 13:44:58,27.20,4568.32,25
12/02/2022 13:54:58,26.98,4538.88,25
12/02/2022 14:04:58,27.15,4555.52,25
12/02/2022 14:14:58,26.98,4538.88,25
12/02/2022 14:24:58,26.85,4551.68,25
12/02/2022 14:34:58,27.45,4551.68,25
12/02/2022 14:44:58,27.45,4519.68,25
12/02/2022 14:54:58,27.20,4529.92,25
12/02/2022 15:04:58,27.07,4529.92,25
12/02/2022 15:14:58,26.85,4513.28,25
12/02/2022 15:24:58,27.02,4532.48,25
12/02/2022 15:34:58,27.15,4515.84,25
12/02/2022 15:44:58,27.07,4522.24,25
12/02/2022 15:54:58,26.94,4500.48,25
12/02/2022 16:04:58,27.24,4503.04,25
12/02/2022 16:14:58,27.32,4526.08,25
12/02/2022 16:24:58,26.94,4522.24,25
12/02/2022 16:34:58,26.90,4519.68,25
12/02/2022 16:44:58,27.15,4506.88,25
12/02/2022 16:54:58,26.85,4483.84,25
12/02/2022 17:04:58,26.72,4487.68,25
12/02/2022 17:14:58,26.60,4490.24,25
12/02/2022 17:24:58,26.55,4500.48,25
12/02/2022 17:34:58,26.34,4506.88,25
12/02/2022 17:44:58,26.81,4480.00,25
12/02/2022 17:54:58,26.90,4503.04,25
12/02/2022 18:04:58,26.55,4503.04,25
12/02/2022 18:14:58,26.55,4483.84,25
12/02/2022 18:24:58,26.47,4494.08,25
12/02/2022 18:34:58,26.38,4494.08,25
12/02/2022 18:44:58,26.47,4503.04,25
12/02/2022 18:54:58,26.30,4487.68,25
12/02/2022 19:04:58,26.42,4494.08,25
12/02/2022 19:14:58,26.77,4471.04,25
12/02/2022 19:24:58,26.30,0.00,25
12/02/2022 19:34:58,25.99,0.00,25
12/02/2022 19:44:58,25.99,0.00,25
12/02/2022 19:54:58,25.82,0.00,25
12/02/2022 20:04:58,25.74,0.00,25
12/02/2022 20:14:58,25.61,0.00,25
12/02/2022 20:24:58,25.69,0.00,25
12/02/2022 20:34:58,25.69,0.00,25
12/02/2022 20:44:58,26.25,0.00,25
12/02/2022 20:54:58,26.72,0.00,25
12/02/2022 21:04:58,25.87,0.00,25
12/02/2022 21:14:58,25.48,0.00,25
12/02/2022 21:24:58,25.27,0.00,25
12/02/2022 21:34:58,24.97,0.00,25
12/02/2022 21:44:58,24.92,0.00,25
12/02/2022 21:54:58,24.84,0.00,25
12/02/2022 22:04:58,24.58,0.00,25
12/02/2022 22:14:58,24.45,0.00,25
12/02/2022 22:24:58,24.32,0.00,25
12/02/2022 22:34:58,24.45,0.00,25
12/02/2022 22:44:58,24.45,0.00,25
12/02/2022 22:54:58,24.79,0.00,25
12/02/2022 23:04:58,24.75,0.00,25
12/02/2022 23:14:58,25.82,0.00,25
12/02/2022 23:24:58,24.79,0.00,25
12/02/2022 23:34:58,24.88,0.00,25
12/02/2022 23:44:58,25.01,0.00,25
12/02/2022 23:54:58,24.84,0.00,25
12/03/2022 00:04:58,25.09,0.00,25
12/03/2022 00:14:58,24.71,0.00,25
12/03/2022 00:24:58,24.97,0.00,25
12/03/2022 00:34:58,21.58,0.00,25
12/03/2022 00:44:58,18.44,0.00,25
12/03/2022 00:54:58,16.04,0.00,25
12/03/2022 01:04:58,14.20,0.00,25
12/03/2022 01:14:58,12.70,0.00,25
12/03/2022 01:24:58,11.45,0.00,25
12/03/2022 01:34:58,10.38,0.00,25
12/03/2022 01:44:58,9.56,0.00,25
12/03/2022 01:54:58,8.88,0.00,25
12/03/2022 02:04:58,8.36,0.00,25
12/03/2022 02:14:58,7.76,0.00,25
12/03/2022 02:24:58,7.25,0.00,25
12/03/2022 02:34:58,6.99,0.00,25
12/03/2022 02:44:58,6.65,0.00,25
12/03/2022 02:54:58,6.26,0.00,25
12/03/2022 03:04:58,6.09,0.00,25
12/03/2022 03:14:58,5.83,0.00,25
12/03/2022 03:24:58,5.62,0.00,25
12/03/2022 03:34:58,5.49,0.20,25
12/03/2022 03:44:58,5.32,0.00,25
12/03/2022 03:54:58,5.15,0.00,25
12/03/2022 04:04:58,5.10,0.00,25
12/03/2022 04:14:58,4.93,0.00,25
12/03/2022 04:24:58,4.84,0.00,25
12/03/2022 04:34:58,4.76,0.00,25
12/03/2022 04:44:58,4.67,0.00,25
12/03/2022 04:54:58,4.63,0.00,25
12/03/2022 05:04:58,4.54,0.00,25
12/03/2022 05:14:58,4.50,0.00,25
12/03/2022 05:24:58,4.46,0.00,25
12/03/2022 05:34:58,4.42,0.00,25
12/03/2022 05:44:58,4.42,0.00,25
12/03/2022 05:54:58,4.29,0.00,25
12/03/2022 06:04:58,4.24,0.00,25
12/03/2022 06:14:58,4.29,0.00,25
12/03/2022 06:24:58,4.20,0.00,25
12/03/2022 06:34:58,4.24,0.00,25
12/03/2022 06:44:58,9.05,0.20,25
12/03/2022 06:54:58,15.83,0.00,25
12/03/2022 07:04:58,19.05,0.00,25
12/03/2022 07:14:58,21.10,0.00,25
12/03/2022 07:24:58,22.18,0.00,25
12/03/2022 07:34:58,23.46,0.00,25
12/03/2022 07:44:58,23.85,0.00,25
12/03/2022 07:54:58,24.36,0.00,25
12/03/2022 08:04:58,24.45,0.00,25
12/03/2022 08:14:58,24.92,0.00,25
12/03/2022 08:24:58,25.35,0.00,25
12/03/2022 08:34:58,25.31,0.00,25
12/03/2022 08:44:58,25.22,0.00,25
12/03/2022 08:54:58,25.35,0.00,25
12/03/2022 09:04:58,25.48,0.00,25
12/03/2022 09:14:58,25.35,0.00,25
12/03/2022 09:24:58,24.49,5329.92,25
12/03/2022 09:34:58,24.84,5271.04,25
12/03/2022 09:44:58,24.54,5335.04,25
12/03/2022 09:54:58,24.79,5299.20,25
12/03/2022 10:04:58,24.58,5312.00,25
12/03/2022 10:14:58,23.72,5309.44,25
12/03/2022 10:24:58,24.49,5312.00,25
12/03/2022 10:34:58,24.32,5263.36,25
12/03/2022 10:44:58,24.06,4988.16,25
12/03/2022 10:54:58,23.12,1341521.92,25
12/03/2022 11:04:58,23.85,1341521.92,25
12/03/2022 11:14:58,24.24,4994.56,25
12/03/2022 11:24:58,24.62,1341521.92,25
12/03/2022 11:34:58,24.88,1341521.92,25
12/03/2022 11:44:58,25.14,5007.36,25
12/03/2022 11:54:58,25.91,5011.20,25
12/05/2022 21:43:09,24.19,975.36,25
12/05/2022 21:53:09,22.99,0.00,25
12/05/2022 22:03:09,24.41,0.00,25
12/05/2022 22:13:09,25.27,0.00,25
12/05/2022 22:23:09,25.91,0.00,25
12/05/2022 22:33:09,26.04,0.00,25
12/05/2022 22:43:09,26.04,0.00,25
12/05/2022 22:53:09,26.47,0.00,25
12/05/2022 23:03:09,26.72,0.00,25
12/05/2022 23:13:09,26.90,0.00,25
12/05/2022 23:23:09,26.72,0.00,25
12/05/2022 23:33:09,26.94,0.00,25
12/05/2022 23:43:09,26.90,0.00,25
12/05/2022 23:53:09,26.98,0.00,25
12/06/2022 00:03:09,27.24,0.00,25
12/06/2022 00:13:09,27.32,0.00,25
12/06/2022 00:23:09,26.85,0.00,25
12/06/2022 00:33:09,26.94,0.00,25
12/06/2022 00:43:09,26.90,0.00,25
12/06/2022 00:53:09,26.90,0.00,25
12/06/2022 01:03:09,26.90,0.00,25
12/06/2022 01:13:09,26.98,0.00,25
12/06/2022 01:23:09,26.85,0.00,25
12/06/2022 01:33:09,26.90,0.00,25
12/06/2022 01:43:09,26.85,0.00,25
12/06/2022 01:53:09,26.85,0.00,25
12/06/2022 02:03:09,26.90,0.00,25
12/06/2022 02:13:09,26.68,0.00,25
12/06/2022 02:23:09,26.64,0.00,25
12/06/2022 02:33:09,26.64,0.00,25
12/06/2022 02:43:09,26.47,0.00,25
12/06/2022 02:53:09,26.60,0.00,25
12/06/2022 03:03:09,26.64,0.00,25
12/06/2022 03:13:09,27.07,0.00,25
12/06/2022 03:23:09,26.68,0.00,25
12/06/2022 03:33:09,26.60,0.00,25
12/06/2022 03:43:09,26.72,0.00,25
12/06/2022 03:53:09,26.68,0.00,25
12/06/2022 04:03:09,26.94,0.00,25
12/06/2022 04:13:09,26.94,0.00,25
12/06/2022 04:23:09,27.28,0.00,25
12/06/2022 04:33:09,27.37,0.00,25
12/06/2022 04:43:09,27.28,0.00,25
12/06/2022 04:53:09,27.24,0.00,25
12/06/2022 05:03:09,27.20,0.00,25
12/06/2022 05:13:09,27.28,0.00,25
12/06/2022 05:23:09,27.37,0.00,25
12/06/2022 05:33:09,27.15,0.00,25
12/06/2022 05:43:09,27.32,0.00,25
12/06/2022 05:53:09,27.28,0.00,25
12/06/2022 06:03:09,27.28,0.00,25
12/06/2022 06:13:09,27.28,0.00,25
12/06/2022 06:23:09,27.15,0.00,25
12/06/2022 06:33:09,27.24,0.00,25
12/06/2022 06:43:09,27.41,0.00,25
12/06/2022 06:53:09,27.20,0.00,25
12/06/2022 07:03:09,27.24,0.00,25
12/06/2022 07:13:09,27.07,0.00,25
12/06/2022 07:23:09,27.24,0.00,25
12/06/2022 07:33:09,27.37,0.00,25
12/06/2022 07:43:09,27.20,0.00,25
12/06/2022 07:53:09,27.15,0.00,25
12/06/2022 08:03:09,27.37,0.00,25
12/06/2022 08:13:09,27.20,0.00,25
12/06/2022 08:23:09,27.11,0.00,25
12/06/2022 08:33:09,27.11,0.00,25
12/06/2022 08:43:09,26.90,0.00,25
12/06/2022 08:53:09,27.11,0.00,25
12/06/2022 09:03:09,27.07,0.00,25
12/06/2022 09:13:09,26.47,0.00,25
12/06/2022 09:23:09,26.25,5880.32,25
12/06/2022 09:33:09,26.08,5880.32,25
12/06/2022 09:43:09,26.42,5862.40,25
12/06/2022 09:53:09,26.60,5857.28,25
12/06/2022 10:03:09,26.55,5900.80,25
12/06/2022 10:13:09,26.72,5839.36,25
12/06/2022 10:23:09,26.72,5905.92,25
12/06/2022 10:33:09,26.55,5916.16,25
12/06/2022 10:43:09,26.81,5908.48,25
12/06/2022 10:53:09,26.55,5905.92,25
12/06/2022 11:03:09,26.38,5923.84,25
12/06/2022 11:13:09,26.51,5885.44,25
12/06/2022 11:23:09,26.38,5952.00,25
12/06/2022 11:33:09,26.55,5946.88,25
12/06/2022 11:43:09,26.72,5888.00,25
12/06/2022 11:53:09,26.51,5934.08,25
12/01/2022 00:04:11,16.26,0.00,15
12/01/2022 00:14:11,16.13,0.00,15
12/01/2022 00:24:11,16.08,0.00,15
12/01/2022 00:34:11,16.00,0.00,15
12/01/2022 00:44:11,16.17,0.00,15
12/01/2022 00:54:11,16.13,0.00,15
12/01/2022 01:04:11,16.13,0.00,15
12/01/2022 01:14:11,16.26,0.00,15
12/01/2022 01:24:11,16.08,0.00,15
12/01/2022 01:34:11,16.21,0.00,15
12/01/2022 01:44:11,16.13,0.00,15
12/01/2022 01:54:11,16.21,0.00,15
12/01/2022 02:04:11,16.26,0.00,15
12/01/2022 02:14:11,16.17,0.00,15
12/01/2022 02:24:11,16.39,0.00,15
12/01/2022 02:34:11,16.17,0.00,15
12/01/2022 02:44:11,16.00,0.00,15
12/01/2022 02:54:11,16.00,0.00,15
12/01/2022 03:04:11,15.78,0.00,15
12/01/2022 03:14:11,16.21,0.00,15
12/01/2022 03:24:11,16.13,0.00,15
12/01/2022 03:34:11,16.13,0.00,15
12/01/2022 03:44:11,16.08,0.00,15
12/01/2022 03:54:11,16.30,0.00,15
12/01/2022 04:04:11,16.21,0.00,15
12/01/2022 04:14:11,16.34,0.00,15
12/01/2022 04:24:11,16.34,0.00,15
12/01/2022 04:34:11,16.43,0.00,15
12/01/2022 04:44:11,16.43,0.00,15
12/01/2022 04:54:11,16.21,0.00,15
12/01/2022 05:04:11,16.04,0.00,15
12/01/2022 05:14:11,16.08,0.00,15
12/01/2022 05:24:11,16.13,0.00,15
12/01/2022 05:34:11,16.13,0.00,15
12/01/2022 05:44:11,16.04,0.00,15
12/01/2022 05:54:11,16.30,0.00,15
12/01/2022 06:04:11,16.04,0.00,15
12/01/2022 06:14:11,15.96,0.00,15
12/01/2022 06:24:11,15.96,0.00,15
12/01/2022 06:34:11,16.13,0.00,15
12/01/2022 06:44:11,15.91,0.00,15
12/01/2022 06:54:11,16.13,0.00,15
12/01/2022 07:04:11,16.17,0.00,15
12/01/2022 07:14:11,15.96,0.00,15
12/01/2022 07:24:11,15.91,0.00,15
12/01/2022 07:34:11,16.13,0.00,15
12/01/2022 07:44:11,16.73,0.00,15
12/01/2022 07:54:11,16.43,0.00,15
12/01/2022 08:04:11,16.47,0.00,15
12/01/2022 08:14:11,16.30,0.00,15
12/01/2022 08:24:11,16.08,0.00,15
12/01/2022 08:34:11,16.56,0.00,15
12/01/2022 08:44:11,16.81,0.00,15
12/01/2022 08:54:11,16.69,0.00,15
12/01/2022 09:04:11,16.39,0.00,15
12/01/2022 09:14:11,16.43,0.00,15
12/01/2022 09:24:11,16.34,35.67,15
12/01/2022 09:34:11,16.64,0.00,15
12/01/2022 09:44:11,16.34,0.00,15
12/01/2022 09:54:11,16.17,0.00,15
12/01/2022 10:04:11,16.64,0.00,15
12/01/2022 10:14:11,16.94,0.00,15
12/01/2022 10:24:11,16.90,0.00,15
12/01/2022 10:34:11,16.69,0.00,15
12/01/2022 10:44:11,16.56,0.00,15
12/01/2022 10:54:11,16.34,0.00,15
12/01/2022 11:04:11,16.17,0.00,15
12/01/2022 11:14:11,16.04,0.00,15
12/01/2022 11:24:11,16.21,0.00,15
12/01/2022 11:34:11,16.13,0.00,15
12/01/2022 11:44:11,16.04,0.00,15
12/01/2022 11:54:11,15.87,0.00,15
12/01/2022 12:04:11,15.96,0.00,15
12/01/2022 12:14:11,15.96,0.00,15
12/01/2022 12:24:11,16.26,0.00,15
12/01/2022 12:34:11,16.08,0.00,15
12/01/2022 12:44:11,16.08,0.00,15
12/01/2022 12:54:11,16.34,0.00,15
12/01/2022 13:04:11,16.26,0.00,15
12/01/2022 13:14:11,16.26,0.00,15
12/01/2022 13:24:11,16.39,0.00,15
12/01/2022 13:34:11,16.51,1.49,15
12/01/2022 13:44:11,16.21,2.56,15
12/01/2022 13:54:11,16.21,2.78,15
12/01/2022 14:04:11,16.13,2.56,15
12/01/2022 14:14:11,16.13,2.56,15
12/01/2022 14:24:11,16.30,5588.48,15
12/01/2022 14:34:11,17.59,5606.40,15
12/01/2022 14:44:11,17.72,5498.88,15
12/01/2022 14:54:11,17.97,5450.24,15
12/01/2022 15:04:11,18.02,5332.48,15
12/01/2022 15:14:11,18.10,5296.64,15
12/01/2022 15:24:11,18.36,5122.56,15
12/01/2022 15:34:11,17.93,5095.68,15
12/01/2022 15:44:11,17.50,5332.48,15
12/01/2022 15:54:11,18.83,5639.68,15
12/01/2022 16:04:11,17.63,5447.68,15
12/01/2022 16:14:11,17.54,5378.56,15
12/01/2022 16:24:11,18.19,5995.52,15
12/01/2022 16:34:11,17.89,6056.96,15
12/01/2022 16:44:11,17.72,6049.28,15
12/01/2022 16:54:11,17.54,5982.72,15
12/01/2022 17:04:11,17.54,5941.76,15
12/01/2022 17:14:11,17.67,5862.40,15
12/01/2022 17:24:11,17.59,5724.16,15
12/01/2022 17:34:11,17.46,5660.16,15
12/01/2022 17:44:11,17.59,5642.24,15
12/01/2022 17:54:11,17.76,5639.68,15
12/01/2022 18:04:11,18.27,5647.36,15
12/01/2022 18:14:11,18.19,5616.64,15
12/01/2022 18:24:11,18.10,5580.80,15
12/01/2022 18:34:11,17.80,5509.12,15
12/01/2022 18:44:11,17.76,5399.04,15
12/01/2022 18:54:11,18.27,5434.88,15
12/01/2022 19:04:11,18.06,5434.88,15
12/01/2022 19:14:11,17.89,5437.44,15
12/01/2022 19:24:11,17.97,0.00,15
12/01/2022 19:34:11,17.50,0.00,15
12/01/2022 19:44:11,17.16,0.00,15
12/01/2022 19:54:11,17.16,0.00,15
12/01/2022 20:04:11,16.90,6.65,15
12/01/2022 20:14:11,17.07,0.00,15
12/01/2022 20:24:11,16.99,0.00,15
12/01/2022 20:34:11,16.86,0.00,15
12/01/2022 20:44:11,16.81,0.00,15
12/01/2022 20:54:11,17.03,0.00,15
12/01/2022 21:04:11,16.99,0.00,15
12/01/2022 21:14:11,17.03,0.00,15
12/01/2022 21:24:11,17.16,0.00,15
12/01/2022 21:34:11,16.86,0.00,15
12/01/2022 21:44:11,16.64,0.00,15
12/01/2022 21:54:11,16.73,0.00,15
12/01/2022 22:04:11,16.81,0.00,15
12/01/2022 22:14:11,16.77,0.00,15
12/01/2022 22:24:11,16.51,0.00,15
12/01/2022 22:34:11,16.64,0.00,15
12/01/2022 22:44:11,16.64,0.00,15
12/01/2022 22:54:11,16.60,0.00,15
12/01/2022 23:04:11,16.86,0.00,15
12/01/2022 23:14:11,16.86,0.00,15
12/01/2022 23:24:11,16.73,0.00,15
12/01/2022 23:34:11,16.60,0.00,15
12/01/2022 23:44:11,16.56,0.00,15
12/01/2022 23:54:11,16.47,0.00,15
12/02/2022 00:04:11,16.43,0.00,15
12/02/2022 00:14:11,16.77,0.00,15
12/02/2022 00:24:11,16.64,0.00,15
12/02/2022 00:34:11,16.77,0.00,15
12/02/2022 00:44:11,16.77,0.00,15
12/02/2022 00:54:11,16.77,0.00,15
12/02/2022 01:04:11,17.03,0.00,15
12/02/2022 01:14:11,16.77,0.00,15
12/02/2022 01:24:11,16.90,0.00,15
12/02/2022 01:34:11,16.77,0.00,15
12/02/2022 01:44:11,16.86,0.00,15
12/02/2022 01:54:11,16.73,0.00,15
12/02/2022 02:04:11,16.77,0.00,15
12/02/2022 02:14:11,16.69,0.00,15
12/02/2022 02:24:11,16.81,0.00,15
12/02/2022 02:34:11,16.94,0.00,15
12/02/2022 02:44:11,16.94,0.00,15
12/02/2022 02:54:11,16.94,0.00,15
12/02/2022 03:04:11,17.03,0.00,15
12/02/2022 03:14:11,16.99,0.00,15
12/02/2022 03:24:11,16.81,0.00,15
12/02/2022 03:34:11,17.24,0.00,15
12/02/2022 03:44:11,16.99,0.00,15
12/02/2022 03:54:11,17.11,0.00,15
12/02/2022 04:04:11,17.11,0.00,15
12/02/2022 04:14:11,16.86,0.00,15
12/02/2022 04:24:11,16.81,0.00,15
12/02/2022 04:34:11,16.73,0.00,15
12/02/2022 04:44:11,16.73,0.00,15
12/02/2022 04:54:11,16.69,0.00,15
12/02/2022 05:04:11,16.60,0.00,15
12/02/2022 05:14:11,16.86,0.00,15
12/02/2022 05:24:11,16.64,0.00,15
12/02/2022 05:34:11,16.43,0.00,15
12/02/2022 05:44:11,16.77,0.00,15
12/02/2022 05:54:11,16.86,0.00,15
12/02/2022 06:04:11,16.73,0.00,15
12/02/2022 06:14:11,16.64,0.00,15
12/02/2022 06:24:11,16.64,0.00,15
12/02/2022 06:34:11,16.99,0.00,15
12/02/2022 06:44:11,16.77,0.00,15
12/02/2022 06:54:11,16.86,0.00,15
12/02/2022 07:04:11,16.77,0.00,15
12/02/2022 07:14:11,16.99,0.00,15
12/02/2022 07:24:11,16.73,0.00,15
12/02/2022 07:34:11,16.86,0.00,15
12/02/2022 07:44:11,16.60,0.00,15
12/02/2022 07:54:11,16.86,0.00,15
12/02/2022 08:04:11,16.77,0.00,15
12/02/2022 08:14:11,16.81,0.00,15
12/02/2022 08:24:11,17.20,5017.60,15
12/02/2022 08:34:11,17.59,4989.44,15
12/02/2022 08:44:11,17.63,6481.92,15
12/02/2022 08:54:11,17.76,5276.16,15
12/02/2022 09:04:11,17.59,5885.44,15
12/02/2022 09:14:11,17.29,5987.84,15
12/02/2022 09:24:11,17.29,5903.36,15
12/02/2022 09:34:11,17.11,6036.48,15
12/02/2022 09:44:11,17.24,5941.76,15
12/02/2022 09:54:11,17.07,5642.24,15
12/02/2022 10:04:11,17.20,5278.72,15
12/02/2022 10:14:11,16.69,5222.40,15
12/02/2022 10:24:11,16.39,4705.28,15
12/02/2022 10:34:11,17.16,4733.44,15
12/02/2022 10:44:11,17.16,4736.00,15
12/02/2022 10:54:11,17.41,4725.76,15
12/02/2022 11:04:11,17.33,4712.96,15
12/02/2022 11:14:11,17.29,4715.52,15
12/02/2022 11:24:11,17.41,4736.00,15
12/02/2022 11:34:11,17.54,4750.08,15
12/02/2022 11:44:11,17.50,4736.00,15
12/02/2022 11:54:11,17.67,4764.16,15
12/02/2022 12:04:11,17.50,4756.48,15
12/02/2022 12:14:11,17.33,4780.80,15
12/02/2022 12:24:11,17.24,4791.04,15
12/02/2022 12:34:11,17.20,4784.64,15
12/02/2022 12:44:11,17.72,4825.60,15
12/02/2022 12:54:11,17.72,4829.44,15
12/02/2022 13:04:11,17.59,4819.20,15
12/02/2022 13:14:11,17.54,4839.68,15
12/02/2022 13:24:11,17.41,4832.00,15
12/02/2022 13:34:11,17.80,4911.36,15
12/02/2022 13:44:11,17.54,4958.72,15
12/02/2022 13:54:11,17.93,4954.88,15
12/02/2022 14:04:11,17.76,4976.64,15
12/02/2022 14:14:11,17.59,5007.36,15
12/02/2022 14:24:11,17.54,5054.72,15
12/02/2022 14:34:11,17.63,5095.68,15
12/02/2022 14:44:11,17.37,5116.16,15
12/02/2022 14:54:11,17.41,5181.44,15
12/02/2022 15:04:11,17.20,5226.24,15
12/02/2022 15:14:11,17.37,5268.48,15
12/02/2022 15:24:11,17.50,5314.56,15
12/02/2022 15:34:11,17.63,5304.32,15
12/02/2022 15:44:11,17.67,5365.76,15
12/02/2022 15:54:11,17.46,5393.92,15
12/02/2022 16:04:11,17.29,5358.08,15
12/02/2022 16:14:11,17.54,5450.24,15
12/02/2022 16:24:11,17.93,5478.40,15
12/02/2022 16:34:11,18.14,5501.44,15
12/02/2022 16:44:11,17.76,5509.12,15
12/02/2022 16:54:11,17.97,5516.80,15
12/02/2022 17:04:11,18.02,5562.88,15
12/02/2022 17:14:11,17.84,5598.72,15
12/02/2022 17:24:11,17.50,5580.80,15
12/02/2022 17:34:11,17.54,5583.36,15
12/02/2022 17:44:11,17.67,5557.76,15
12/02/2022 17:54:11,17.93,5621.76,15
12/02/2022 18:04:11,17.54,5647.36,15
12/02/2022 18:14:11,17.67,5670.40,15
12/02/2022 18:24:11,17.37,5672.96,15
12/02/2022 18:34:11,17.93,5621.76,15
12/02/2022 18:44:11,17.54,5701.12,15
12/02/2022 18:54:11,17.63,5667.84,15
12/02/2022 19:04:11,17.76,5711.36,15
12/02/2022 19:14:11,17.59,5703.68,15
12/02/2022 19:24:11,17.72,0.00,15
12/02/2022 19:34:11,17.16,0.00,15
12/02/2022 19:44:11,16.99,0.00,15
12/02/2022 19:54:11,17.24,0.00,15
12/02/2022 20:04:11,16.94,0.00,15
12/02/2022 20:14:11,17.46,0.00,15
12/02/2022 20:24:11,17.11,0.00,15
12/02/2022 20:34:11,17.16,0.00,15
12/02/2022 20:44:11,17.11,0.00,15
12/02/2022 20:54:11,17.16,0.00,15
12/02/2022 21:04:11,17.59,0.00,15
12/02/2022 21:14:11,17.20,0.00,15
12/02/2022 21:24:11,16.73,0.00,15
12/02/2022 21:34:11,16.69,0.00,15
12/02/2022 21:44:11,16.21,0.00,15
12/02/2022 21:54:11,16.17,0.00,15
12/02/2022 22:04:11,17.03,0.00,15
12/02/2022 22:14:11,16.94,0.00,15
12/02/2022 22:24:11,16.86,0.00,15
12/02/2022 22:34:11,16.86,0.00,15
12/02/2022 22:44:11,17.16,0.00,15
12/02/2022 22:54:11,17.07,0.00,15
12/02/2022 23:04:11,17.16,0.00,15
12/02/2022 23:14:11,17.11,0.00,15
12/02/2022 23:24:11,17.16,0.00,15
12/02/2022 23:34:11,17.33,0.00,15
12/02/2022 23:44:11,17.07,0.00,15
12/02/2022 23:54:11,16.99,0.00,15
12/03/2022 00:04:11,16.81,0.00,15
12/03/2022 00:14:11,17.29,0.00,15
12/03/2022 00:24:11,16.94,0.00,15
12/03/2022 00:34:11,16.77,0.00,15
12/03/2022 00:44:11,17.03,0.00,15
12/03/2022 00:54:11,16.94,0.00,15
12/03/2022 01:04:11,16.77,0.00,15
12/03/2022 01:14:11,16.86,0.00,15
12/03/2022 01:24:11,16.94,0.00,15
12/03/2022 01:34:11,16.77,0.00,15
12/03/2022 01:44:11,16.73,0.00,15
12/03/2022 01:54:11,16.86,0.00,15
12/03/2022 02:04:11,17.59,0.00,15
12/03/2022 02:14:11,16.90,0.00,15
12/03/2022 02:24:11,16.81,0.00,15
12/03/2022 02:34:11,16.64,0.00,15
12/03/2022 02:44:11,16.73,0.00,15
12/03/2022 02:54:11,16.69,0.00,15
12/03/2022 03:04:11,16.69,0.00,15
12/03/2022 03:14:11,16.73,0.00,15
12/03/2022 03:24:11,16.77,0.00,15
12/03/2022 03:34:11,16.56,0.00,15
12/03/2022 03:44:11,16.56,0.00,15
12/03/2022 03:54:11,16.47,0.00,15
12/03/2022 04:04:11,16.51,0.00,15
12/03/2022 04:14:11,16.39,0.00,15
12/03/2022 04:24:11,16.60,0.00,15
12/03/2022 04:34:11,16.51,0.00,15
12/03/2022 04:44:11,16.56,0.00,15
12/03/2022 04:54:11,16.73,0.00,15
12/03/2022 05:04:11,16.56,0.00,15
12/03/2022 05:14:11,16.51,0.00,15
12/03/2022 05:24:11,16.51,0.00,15
12/03/2022 05:34:11,16.43,0.00,15
12/03/2022 05:44:11,16.77,0.00,15
12/03/2022 05:54:11,16.34,0.00,15
12/03/2022 06:04:11,16.51,0.00,15
12/03/2022 06:14:11,16.56,0.00,15
12/03/2022 06:24:11,16.43,0.00,15
12/03/2022 06:34:11,16.60,0.00,15
12/03/2022 06:44:11,16.56,0.00,15
12/03/2022 06:54:11,16.86,0.00,15
12/03/2022 07:04:11,16.47,0.00,15
12/03/2022 07:14:11,16.21,0.00,15
12/03/2022 07:24:11,16.30,0.00,15
12/03/2022 07:34:11,16.13,0.00,15
12/03/2022 07:44:11,16.34,0.00,15
12/03/2022 07:54:11,16.30,0.00,15
12/03/2022 08:04:11,16.43,0.00,15
12/03/2022 08:14:11,16.94,0.00,15
12/03/2022 08:24:11,16.81,0.00,15
12/03/2022 08:34:11,16.64,0.00,15
12/03/2022 08:44:11,16.47,0.00,15
12/03/2022 08:54:11,16.43,0.00,15
12/03/2022 09:04:11,16.26,0.00,15
12/03/2022 09:14:11,16.64,0.00,15
12/03/2022 09:24:11,16.94,7152.64,15
12/03/2022 09:34:11,17.16,7050.24,15
12/03/2022 09:44:11,17.59,7050.24,15
12/03/2022 09:54:11,17.29,7096.32,15
12/03/2022 10:04:11,17.46,7024.64,15
12/03/2022 10:14:11,17.59,7063.04,15
12/03/2022 10:24:11,17.46,7022.08,15
12/03/2022 10:34:11,17.46,7011.84,15
12/03/2022 10:44:11,16.73,5317.12,15
12/03/2022 10:54:11,16.69,5322.24,15
12/03/2022 11:04:11,16.90,5317.12,15
12/03/2022 11:14:11,16.73,5312.00,15
12/03/2022 11:24:11,16.81,5304.32,15
12/03/2022 11:34:11,16.77,5273.60,15
12/03/2022 11:44:11,16.81,5312.00,15
12/03/2022 11:54:11,16.51,5296.64,15
12/03/2022 12:04:11,16.81,5294.08,15
12/03/2022 12:14:11,16.60,5312.00,15
12/03/2022 12:24:11,16.39,5258.24,15
12/03/2022 12:34:11,16.81,5296.64,15
12/03/2022 12:44:11,16.51,5304.32,15
12/03/2022 12:54:11,16.39,5248.00,15
12/03/2022 13:04:11,16.56,5283.84,15
12/03/2022 13:14:11,16.43,5304.32,15
12/03/2022 13:24:11,16.34,5312.00,15
12/03/2022 13:34:11,16.43,5306.88,15
12/03/2022 13:44:11,16.60,5291.52,15
12/03/2022 13:54:11,16.34,5291.52,15
12/03/2022 14:04:11,16.64,5276.16,15
12/03/2022 14:14:11,16.51,5239.04,15
12/03/2022 14:24:11,16.64,5278.72,15
12/03/2022 14:34:11,16.81,5232.64,15
12/03/2022 14:44:11,16.73,5294.08,15
12/03/2022 14:54:11,16.69,5286.40,15
12/03/2022 15:04:11,16.60,5278.72,15
12/03/2022 15:14:11,16.73,5268.48,15
12/03/2022 15:24:11,16.69,5278.72,15
12/03/2022 15:34:11,16.47,5283.84,15
12/03/2022 15:44:11,16.56,5248.00,15
12/03/2022 15:54:11,16.60,5265.92,15
12/03/2022 16:04:11,16.73,5278.72,15
12/03/2022 16:14:11,16.56,5283.84,15
12/03/2022 16:24:11,16.51,5242.88,15
12/03/2022 16:34:11,16.81,5268.48,15
12/03/2022 16:44:11,16.81,5253.12,15
12/03/2022 16:54:11,16.90,5239.04,15
12/03/2022 17:04:11,16.69,5258.24,15
12/03/2022 17:14:11,16.90,5248.00,15
12/03/2022 17:24:11,16.90,5268.48,15
12/03/2022 17:34:11,16.64,5255.68,15
12/03/2022 17:44:11,16.39,5265.92,15
12/03/2022 17:54:11,16.64,5255.68,15
12/03/2022 18:04:11,16.94,5273.60,15
12/03/2022 18:14:11,16.77,5276.16,15
12/03/2022 18:24:11,16.90,5273.60,15
12/03/2022 18:34:11,16.81,5255.68,15
12/03/2022 18:44:11,16.60,5245.44,15
12/03/2022 18:54:11,16.99,5248.00,15
12/03/2022 19:04:11,16.94,5253.12,15
12/03/2022 19:14:11,16.64,5283.84,15
12/03/2022 19:24:11,16.56,5283.84,15
12/03/2022 19:34:11,16.56,5258.24,15
12/03/2022 19:44:11,16.56,5278.72,15
12/03/2022 19:54:11,16.69,5304.32,15
12/03/2022 20:04:11,16.77,5283.84,15
12/03/2022 20:14:11,16.64,5276.16,15
12/03/2022 20:24:11,17.11,5291.52,15
12/03/2022 20:34:11,16.34,0.00,15
12/03/2022 20:44:11,16.21,0.00,15
12/03/2022 20:54:11,16.21,0.00,15
12/03/2022 21:04:11,16.04,0.00,15
12/03/2022 21:14:11,16.26,0.00,15
12/03/2022 21:24:11,16.51,0.00,15
12/03/2022 21:34:11,16.39,0.00,15
12/03/2022 21:44:11,16.77,0.00,15
12/03/2022 21:54:11,16.34,0.00,15
12/03/2022 22:04:11,16.47,0.00,15
12/03/2022 22:14:11,16.56,0.00,15
12/03/2022 22:24:11,16.26,0.00,15
12/03/2022 22:34:11,16.17,0.00,15
12/03/2022 22:44:11,16.13,0.00,15
12/03/2022 22:54:11,15.91,0.00,15
12/03/2022 23:04:11,16.17,0.00,15
12/03/2022 23:14:11,16.13,0.00,15
12/03/2022 23:24:11,16.04,0.00,15
12/03/2022 23:34:11,16.04,0.00,15
12/03/2022 23:44:11,16.13,0.00,15
12/03/2022 23:54:11,15.96,0.00,15
12/04/2022 00:04:11,16.00,0.00,15
12/04/2022 00:14:11,15.83,0.00,15
12/04/2022 00:24:11,15.70,0.00,15
12/04/2022 00:34:11,15.78,0.00,15
12/04/2022 00:44:11,15.91,0.00,15
12/04/2022 00:54:11,15.66,0.00,15
12/04/2022 01:04:11,15.87,0.00,15
12/04/2022 01:14:11,15.57,0.00,15
12/04/2022 01:24:11,15.53,0.00,15
12/04/2022 01:34:11,15.83,0.00,15
12/04/2022 01:44:11,15.66,0.00,15
12/04/2022 01:54:11,15.70,0.00,15
12/04/2022 02:04:11,15.70,0.00,15
12/04/2022 02:14:11,15.61,0.00,15
12/04/2022 02:24:11,15.96,0.00,15
12/04/2022 02:34:11,16.04,0.00,15
12/04/2022 02:44:11,15.83,0.00,15
12/04/2022 02:54:11,15.61,0.00,15
12/04/2022 03:04:11,15.83,0.00,15
12/04/2022 03:14:11,15.70,0.00,15
12/04/2022 03:24:11,15.70,0.00,15
12/04/2022 03:34:11,16.13,0.00,15
12/04/2022 03:44:11,15.70,0.00,15
12/04/2022 03:54:11,15.83,0.00,15
12/04/2022 04:04:11,16.17,0.00,15
12/04/2022 04:14:11,15.96,0.00,15
12/04/2022 04:24:11,15.96,0.00,15
12/04/2022 04:34:11,15.87,0.00,15
12/04/2022 04:44:11,15.78,0.00,15
12/04/2022 04:54:11,15.74,0.00,15
12/04/2022 05:04:11,15.70,0.00,15
12/04/2022 05:14:11,15.78,0.00,15
12/04/2022 05:24:11,15.70,0.00,15
12/04/2022 05:34:11,15.70,0.00,15
12/04/2022 05:44:11,15.87,0.00,15
12/04/2022 05:54:11,15.83,0.00,15
12/04/2022 06:04:11,15.91,0.00,15
12/04/2022 06:14:11,15.74,0.00,15
12/04/2022 06:24:11,15.78,0.00,15
12/04/2022 06:34:11,15.91,0.00,15
12/04/2022 06:44:11,15.78,0.00,15
12/04/2022 06:54:11,16.08,0.21,15
12/04/2022 07:04:11,15.96,0.00,15
12/04/2022 07:14:11,16.13,0.00,15
12/04/2022 07:24:11,16.04,0.00,15
12/04/2022 07:34:11,16.17,0.00,15
12/04/2022 07:44:11,16.17,0.00,15
12/04/2022 07:54:11,16.34,0.00,15
12/04/2022 08:04:11,16.13,0.00,15
12/04/2022 08:14:11,16.43,0.00,15
12/04/2022 08:24:11,16.26,0.00,15
12/04/2022 08:34:11,16.17,0.00,15
12/04/2022 08:44:11,16.04,0.00,15
12/04/2022 08:54:11,15.78,0.00,15
12/04/2022 09:04:11,16.04,0.00,15
12/04/2022 09:14:11,16.56,0.00,15
12/04/2022 09:24:11,16.43,6725.12,15
12/04/2022 09:34:11,17.16,6686.72,15
12/04/2022 09:44:11,16.81,6699.52,15
12/04/2022 09:54:11,16.64,6694.40,15
12/04/2022 10:04:11,16.47,6643.20,15
12/04/2022 10:14:11,16.39,6696.96,15
12/04/2022 10:24:11,15.91,6643.20,15
12/04/2022 10:34:11,16.04,5749.76,15
12/04/2022 10:44:11,16.99,5752.32,15
12/04/2022 10:54:11,16.90,5760.00,15
12/04/2022 11:04:11,17.03,5760.00,15
12/04/2022 11:14:11,16.99,4997.12,15
12/04/2022 11:24:11,17.50,7083.52,15
12/04/2022 11:34:11,17.63,7022.08,15
12/04/2022 11:44:11,17.63,7086.08,15
12/04/2022 11:54:11,17.63,7024.64,15
12/04/2022 12:04:11,17.67,7055.36,15
12/04/2022 12:14:11,17.76,7075.84,15
12/04/2022 12:24:11,17.46,7070.72,15
12/04/2022 12:34:11,18.10,6983.68,15
12/04/2022 12:44:11,17.72,7009.28,15
12/04/2022 12:54:11,17.59,6988.80,15
12/04/2022 13:04:11,17.63,6963.20,15
12/04/2022 13:14:11,17.54,6983.68,15
12/04/2022 13:24:11,17.80,6950.40,15
12/04/2022 13:34:11,17.67,6878.72,15
12/04/2022 13:44:11,17.41,6947.84,15
12/04/2022 13:54:11,17.33,6950.40,15
12/04/2022 14:04:11,17.29,6922.24,15
12/04/2022 14:14:11,17.33,6937.60,15
12/04/2022 14:24:11,17.29,6929.92,15
12/04/2022 14:34:11,17.46,6919.68,15
12/04/2022 14:44:11,17.33,6865.92,15
12/04/2022 14:54:11,16.86,6899.20,15
12/04/2022 15:04:11,17.03,6878.72,15
12/04/2022 15:14:11,16.73,6878.72,15
12/04/2022 15:24:11,16.13,6881.28,15
12/04/2022 15:34:11,16.30,6822.40,15
12/04/2022 15:44:11,16.69,6858.24,15
12/04/2022 15:54:11,17.29,6850.56,15
12/04/2022 16:04:11,17.16,6850.56,15
12/04/2022 16:14:11,17.07,6855.68,15
12/04/2022 16:24:11,16.90,6850.56,15
12/04/2022 16:34:11,16.86,6822.40,15
12/04/2022 16:44:11,16.90,6827.52,15
12/04/2022 16:54:11,17.37,6778.88,15
12/04/2022 17:04:11,17.46,6827.52,15
12/04/2022 17:14:11,16.64,6840.32,15
12/04/2022 17:24:11,15.61,6781.44,15
12/04/2022 17:34:11,16.39,6850.56,15
12/04/2022 17:44:11,15.44,6845.44,15
12/04/2022 17:54:11,14.33,6832.64,15
12/04/2022 18:04:11,13.47,6845.44,15
12/04/2022 18:14:11,12.65,6876.16,15
12/04/2022 18:24:11,11.92,6837.76,15
12/04/2022 18:34:11,11.37,6881.28,15
12/04/2022 18:44:11,10.81,6947.84,15
12/04/2022 18:54:11,10.29,7050.24,15
12/04/2022 19:04:11,9.95,7063.04,15
12/04/2022 19:14:11,9.52,7014.40,15
12/04/2022 19:24:11,9.18,7022.08,15
12/04/2022 19:34:11,8.96,7070.72,15
12/04/2022 19:44:11,8.79,7045.12,15
12/04/2022 19:54:11,8.58,7029.76,15
12/04/2022 20:04:11,8.41,7083.52,15
12/04/2022 20:14:11,8.32,7111.68,15
12/04/2022 20:24:11,8.11,0.00,15
12/04/2022 20:34:11,7.42,0.00,15
12/04/2022 20:44:11,7.08,0.00,15
12/04/2022 20:54:11,6.82,0.00,15
12/04/2022 21:04:11,6.69,18.90,15
12/04/2022 21:14:11,9.31,5557.76,15
12/04/2022 21:24:11,11.32,0.00,15
12/04/2022 21:34:11,12.61,0.00,15
12/04/2022 21:44:11,13.98,0.00,15
12/04/2022 21:54:11,14.37,0.00,15
12/04/2022 22:04:11,15.31,0.00,15
12/04/2022 22:14:11,16.08,0.00,15
12/04/2022 22:24:11,16.77,0.00,15
12/04/2022 22:34:11,16.77,0.00,15
12/04/2022 22:44:11,17.07,0.00,15
12/04/2022 22:54:11,17.24,0.00,15
12/04/2022 23:04:11,17.76,0.00,15
12/04/2022 23:14:11,17.93,0.00,15
12/04/2022 23:24:11,17.67,0.00,15
12/04/2022 23:34:11,17.54,0.00,15
12/04/2022 23:44:11,17.80,0.00,15
12/04/2022 23:54:11,17.84,0.00,15
12/05/2022 00:04:11,17.93,0.00,15
12/05/2022 00:14:11,17.67,0.00,15
12/05/2022 00:24:11,17.59,0.00,15
12/05/2022 00:34:11,17.93,0.00,15
12/05/2022 00:44:11,17.59,0.00,15
12/05/2022 00:54:11,17.80,0.00,15
12/05/2022 01:04:11,17.46,0.00,15
12/05/2022 01:14:11,17.72,0.00,15
12/05/2022 01:24:11,17.59,0.00,15
12/05/2022 01:34:11,17.59,0.00,15
12/05/2022 01:44:11,17.59,0.00,15
12/05/2022 01:54:11,17.54,0.00,15
12/05/2022 02:04:11,18.14,0.00,15
12/05/2022 02:14:11,17.46,0.00,15
12/05/2022 02:24:11,17.50,0.00,15
12/05/2022 02:34:11,17.63,0.00,15
12/05/2022 02:44:11,17.37,0.00,15
12/05/2022 02:54:11,17.54,0.00,15
12/05/2022 03:04:11,17.72,0.00,15
12/05/2022 03:14:11,17.84,0.00,15
12/05/2022 03:24:11,17.50,0.00,15
12/05/2022 03:34:11,17.59,0.00,15
12/05/2022 03:44:11,17.37,0.00,15
12/05/2022 03:54:11,17.72,0.00,15
12/05/2022 04:04:11,17.84,0.00,15
12/05/2022 04:14:11,18.19,0.00,15
12/05/2022 04:24:11,17.80,0.00,15
12/05/2022 04:34:11,17.84,0.00,15
12/05/2022 04:44:11,17.84,0.00,15
12/05/2022 04:54:11,17.63,0.00,15
12/05/2022 05:04:11,17.67,0.00,15
12/05/2022 05:14:11,17.93,0.00,15
12/05/2022 05:24:11,17.46,0.00,15
12/05/2022 05:34:11,17.63,0.00,15
12/05/2022 05:44:11,17.80,0.00,15
12/05/2022 05:54:11,18.49,0.00,15
12/05/2022 06:04:11,18.14,0.00,15
12/05/2022 06:14:11,18.14,0.00,15
12/05/2022 06:24:11,18.19,0.00,15
12/05/2022 06:34:11,17.76,0.00,15
12/05/2022 06:44:11,17.84,0.00,15
12/05/2022 06:54:11,17.46,0.00,15
12/05/2022 07:04:11,17.29,0.00,15
12/05/2022 07:14:11,17.97,0.00,15
12/05/2022 07:24:11,17.67,0.00,15
12/05/2022 07:34:11,17.41,0.00,15
12/05/2022 07:44:11,17.63,0.00,15
12/05/2022 07:54:11,17.59,0.00,15
12/05/2022 08:04:11,17.80,0.00,15
12/05/2022 08:14:11,17.41,0.00,15
12/05/2022 08:24:11,17.97,0.00,15
12/05/2022 08:34:11,18.14,0.00,15
12/05/2022 08:44:11,18.02,0.00,15
12/05/2022 08:54:11,17.59,0.00,15
12/05/2022 09:04:11,17.63,0.00,15
12/05/2022 09:14:11,17.37,0.00,15
12/05/2022 09:24:11,17.16,5112.32,15
12/05/2022 09:34:11,17.20,5068.80,15
12/05/2022 09:44:11,17.41,5075.20,15
12/05/2022 09:54:11,17.37,5102.08,15
12/05/2022 10:04:11,17.67,5105.92,15
12/05/2022 10:14:11,18.06,5089.28,15
12/05/2022 10:24:11,17.50,5071.36,15
12/05/2022 10:34:11,17.67,5081.60,15
12/05/2022 10:44:11,18.02,5040.64,15
12/05/2022 10:54:11,18.19,5134.08,15
12/05/2022 11:04:11,18.66,5075.20,15
12/05/2022 11:14:11,18.66,5109.76,15
12/05/2022 11:24:11,18.44,5102.08,15
12/05/2022 11:34:11,18.74,5112.32,15
12/05/2022 11:44:11,18.57,5116.16,15
12/05/2022 11:54:11,18.49,5130.24,15
12/05/2022 12:04:11,18.36,5102.08,15
12/05/2022 12:14:11,18.36,5061.12,15
12/05/2022 12:24:11,18.53,5116.16,15
12/05/2022 12:34:11,18.92,5105.92,15
12/05/2022 12:44:11,19.17,5120.00,15
12/05/2022 12:54:11,18.83,5081.60,15
12/05/2022 13:04:11,18.96,5102.08,15
12/05/2022 13:14:11,19.13,5116.16,15
12/05/2022 13:24:11,19.09,5112.32,15
12/05/2022 13:34:11,18.74,5120.00,15
12/05/2022 13:44:11,18.62,5075.20,15
12/05/2022 13:54:11,18.57,5075.20,15
12/05/2022 14:04:11,19.05,5095.68,15
12/05/2022 14:14:11,18.74,5105.92,15
12/05/2022 14:24:11,18.70,5102.08,15
12/05/2022 14:34:11,18.53,5120.00,15
12/05/2022 14:44:11,18.57,5109.76,15
12/05/2022 14:54:11,18.66,5134.08,15
12/05/2022 15:04:11,18.40,5140.48,15
12/05/2022 15:14:11,18.53,5140.48,15
12/05/2022 15:24:11,18.49,5120.00,15
12/05/2022 15:34:11,18.44,5140.48,15
12/05/2022 15:44:11,18.27,5134.08,15
12/05/2022 15:54:11,18.23,5122.56,15
12/05/2022 16:04:11,18.27,5122.56,15
12/05/2022 16:14:11,18.27,5171.20,15
12/05/2022 16:24:11,18.27,5116.16,15
12/05/2022 16:34:11,18.57,5130.24,15
12/05/2022 16:44:11,18.66,5134.08,15
12/05/2022 16:54:11,18.66,5154.56,15
12/05/2022 17:04:11,18.70,5146.88,15
12/05/2022 17:14:11,18.70,5171.20,15
12/05/2022 17:24:11,18.96,5171.20,15
12/05/2022 17:34:11,18.79,5126.40,15
12/05/2022 17:44:11,18.96,5177.60,15
12/05/2022 17:54:11,19.05,5171.20,15
12/05/2022 18:04:11,18.83,5191.68,15
12/05/2022 18:14:11,18.66,5187.84,15
12/05/2022 18:24:11,18.79,5191.68,15
12/05/2022 18:34:11,18.49,5201.92,15
12/05/2022 18:44:11,18.27,5201.92,15
12/05/2022 18:54:11,18.62,5208.32,15
12/05/2022 19:04:11,19.09,5216.00,15
12/05/2022 19:14:11,18.74,5181.44,15
12/05/2022 19:24:11,18.53,5187.84,15
12/05/2022 19:34:11,19.13,5205.76,15
12/05/2022 19:44:11,19.17,5205.76,15
12/05/2022 19:54:11,18.87,5157.12,15
12/05/2022 20:04:11,18.83,5216.00,15
12/05/2022 20:14:11,18.66,5222.40,15
12/05/2022 20:24:11,18.32,5222.40,15
12/05/2022 20:34:11,18.40,5195.52,15
12/05/2022 20:44:11,18.19,5208.32,15
12/05/2022 20:54:11,18.10,0.00,15
12/05/2022 21:04:11,17.80,0.00,15
12/05/2022 21:14:11,17.72,0.00,15
12/05/2022 21:24:11,17.84,0.00,15
12/05/2022 21:34:11,17.11,0.00,15
12/05/2022 21:44:11,17.37,0.00,15
12/05/2022 21:54:11,17.72,0.00,15
12/05/2022 22:04:11,17.11,0.00,15
12/05/2022 22:14:11,17.07,0.00,15
12/05/2022 22:24:11,17.11,0.00,15
12/05/2022 22:34:11,17.54,0.00,15
12/05/2022 22:44:11,17.07,0.00,15
12/05/2022 22:54:11,17.03,0.00,15
12/05/2022 23:04:11,17.20,0.21,15
12/05/2022 23:14:11,17.50,0.00,15
12/05/2022 23:24:11,17.11,0.00,15
12/05/2022 23:34:11,17.24,0.00,15
12/05/2022 23:44:11,17.20,0.00,15
12/05/2022 23:54:11,17.80,0.00,15
12/06/2022 00:04:11,17.84,0.00,15
12/06/2022 00:14:11,17.37,0.00,15
12/06/2022 00:24:11,17.33,0.00,15
12/06/2022 00:34:11,17.84,0.00,15
12/06/2022 00:44:11,17.33,0.00,15
12/06/2022 00:54:11,17.11,0.00,15
12/06/2022 01:04:11,17.84,0.00,15
12/06/2022 01:14:11,17.46,0.00,15
12/06/2022 01:24:11,17.24,0.00,15
12/06/2022 01:34:11,17.16,0.00,15
12/06/2022 01:44:11,17.07,0.00,15
12/06/2022 01:54:11,16.90,0.00,15
12/06/2022 02:04:11,16.99,0.00,15
12/06/2022 02:14:11,17.29,0.00,15
12/06/2022 02:24:11,16.94,0.00,15
12/06/2022 02:34:11,16.86,0.00,15
12/06/2022 02:44:11,16.99,0.00,15
12/06/2022 02:54:11,16.90,0.00,15
12/06/2022 03:04:11,16.86,0.00,15
12/06/2022 03:14:11,17.16,0.00,15
12/06/2022 03:24:11,17.07,0.00,15
12/06/2022 03:34:11,17.11,0.00,15
12/06/2022 03:44:11,16.86,0.00,15
12/06/2022 03:54:11,16.90,0.00,15
12/06/2022 04:04:11,17.07,0.00,15
12/06/2022 04:14:11,17.24,0.00,15
12/06/2022 04:24:11,17.41,0.00,15
12/06/2022 04:34:11,17.41,0.00,15
12/06/2022 04:44:11,17.16,0.00,15
12/06/2022 04:54:11,17.54,0.00,15
12/06/2022 05:04:11,17.33,0.00,15
12/06/2022 05:14:11,17.50,0.00,15
12/06/2022 05:24:11,17.41,0.00,15
12/06/2022 05:34:11,17.50,0.00,15
12/06/2022 05:44:11,17.16,0.00,15
12/06/2022 05:54:11,17.16,0.00,15
12/06/2022 06:04:11,17.24,0.00,15
12/06/2022 06:14:11,17.37,0.00,15
12/06/2022 06:24:11,17.29,0.00,15
12/06/2022 06:34:11,17.29,0.00,15
12/06/2022 06:44:11,17.50,0.00,15
12/06/2022 06:54:11,17.97,0.00,15
12/06/2022 07:04:11,17.76,0.00,15
12/06/2022 07:14:11,17.50,0.00,15
12/06/2022 07:24:11,17.46,0.00,15
12/06/2022 07:34:11,17.16,0.00,15
12/06/2022 07:44:11,17.37,0.00,15
12/06/2022 07:54:11,17.24,0.00,15
12/06/2022 08:04:11,17.20,0.00,15
12/06/2022 08:14:11,17.11,0.00,15
12/06/2022 08:24:11,17.03,0.00,15
12/06/2022 08:34:11,17.59,0.00,15
12/06/2022 08:44:11,17.24,0.00,15
12/06/2022 08:54:11,17.67,0.00,15
12/06/2022 09:04:11,17.46,0.00,15
12/06/2022 09:14:11,18.06,0.00,15
12/06/2022 09:24:11,18.19,5916.16,15
12/06/2022 09:34:11,17.80,5916.16,15
12/06/2022 09:44:11,17.93,5913.60,15
12/06/2022 09:54:11,17.93,5888.00,15
12/06/2022 10:04:11,17.72,5905.92,15
12/06/2022 10:14:11,17.93,5916.16,15
12/06/2022 10:24:11,17.67,5923.84,15
12/06/2022 10:34:11,17.59,5872.64,15
12/06/2022 10:44:11,17.72,5867.52,15
12/06/2022 10:54:11,18.10,5864.96,15
12/06/2022 11:04:11,18.06,5898.24,15
12/06/2022 11:14:11,18.27,5888.00,15
12/06/2022 11:24:11,17.84,5867.52,15
12/06/2022 11:34:11,17.76,5898.24,15
12/06/2022 11:44:11,18.40,5895.68,15
12/06/2022 11:54:11,17.76,5893.12,15
12/01/2022 00:04:33,3.99,0.00,5
12/01/2022 00:14:33,4.03,0.00,5
12/01/2022 00:24:33,3.94,0.00,5
12/01/2022 00:34:33,3.99,0.00,5
12/01/2022 00:44:33,4.03,0.00,5
12/01/2022 00:54:33,3.99,0.00,5
12/01/2022 01:04:33,4.03,0.00,5
12/01/2022 01:14:33,3.94,0.00,5
12/01/2022 01:24:33,3.99,0.00,5
12/01/2022 01:34:33,4.03,0.00,5
12/01/2022 01:44:33,3.94,0.00,5
12/01/2022 01:54:33,4.03,0.00,5
12/01/2022 02:04:33,3.99,0.00,5
12/01/2022 02:14:33,3.99,0.21,5
12/01/2022 02:24:33,3.99,0.00,5
12/01/2022 02:34:33,3.94,0.00,5
12/01/2022 02:44:33,3.99,0.00,5
12/01/2022 02:54:33,3.99,0.00,5
12/01/2022 03:04:33,3.99,0.00,5
12/01/2022 03:14:33,3.94,0.00,5
12/01/2022 03:24:33,3.94,0.00,5
12/01/2022 03:34:33,3.99,0.00,5
12/01/2022 03:44:33,3.99,0.00,5
12/01/2022 03:54:33,3.99,0.00,5
12/01/2022 04:04:33,4.03,0.00,5
12/01/2022 04:14:33,4.03,0.00,5
12/01/2022 04:24:33,4.03,0.00,5
12/01/2022 04:34:33,3.99,0.00,5
12/01/2022 04:44:33,3.99,0.00,5
12/01/2022 04:54:33,3.99,0.00,5
12/01/2022 05:04:33,3.99,0.00,5
12/01/2022 05:14:33,3.99,0.00,5
12/01/2022 05:24:33,3.99,0.00,5
12/01/2022 05:34:33,3.99,0.00,5
12/01/2022 05:44:33,3.99,0.00,5
12/01/2022 05:54:33,3.99,0.00,5
12/01/2022 06:04:33,4.03,0.00,5
12/01/2022 06:14:33,3.99,0.00,5
12/01/2022 06:24:33,3.99,0.00,5
12/01/2022 06:34:33,3.99,0.00,5
12/01/2022 06:44:33,3.99,0.00,5
12/01/2022 06:54:33,4.03,0.00,5
12/01/2022 07:04:33,3.99,0.00,5
12/01/2022 07:14:33,4.03,0.00,5
12/01/2022 07:24:33,4.03,0.00,5
12/01/2022 07:34:33,3.99,0.00,5
12/01/2022 07:44:33,4.03,0.00,5
12/01/2022 07:54:33,3.99,0.00,5
12/01/2022 08:04:33,3.99,0.00,5
12/01/2022 08:14:33,3.94,0.00,5
12/01/2022 08:24:33,3.99,0.00,5
12/01/2022 08:34:33,4.03,0.00,5
12/01/2022 08:44:33,3.99,0.00,5
12/01/2022 08:54:33,3.99,0.00,5
12/01/2022 09:04:33,3.94,0.21,5
12/01/2022 09:14:33,4.29,0.00,5
12/01/2022 09:24:33,4.03,126.88,5
12/01/2022 09:34:33,3.99,0.00,5
12/01/2022 09:44:33,3.94,0.00,5
12/01/2022 09:54:33,3.94,0.00,5
12/01/2022 10:04:33,3.94,0.00,5
12/01/2022 10:14:33,3.90,0.00,5
12/01/2022 10:24:33,3.86,0.00,5
12/01/2022 10:34:33,3.90,0.00,5
12/01/2022 10:44:33,3.94,0.00,5
12/01/2022 10:54:33,3.90,0.00,5
12/01/2022 11:04:33,3.82,0.00,5
12/01/2022 11:14:33,3.86,0.00,5
12/01/2022 11:24:33,3.90,0.00,5
12/01/2022 11:34:33,3.86,0.00,5
12/01/2022 11:44:33,3.86,0.00,5
12/01/2022 11:54:33,3.86,0.00,5
12/01/2022 12:04:33,3.90,0.00,5
12/01/2022 12:14:33,3.94,0.00,5
12/01/2022 12:24:33,3.82,0.00,5
12/01/2022 12:34:33,3.82,0.00,5
12/01/2022 12:44:33,3.82,0.00,5
12/01/2022 12:54:33,3.86,0.00,5
12/01/2022 13:04:33,3.82,0.00,5
12/01/2022 13:14:33,3.86,0.00,5
12/01/2022 13:24:33,3.77,0.00,5
12/01/2022 13:34:33,3.77,4.78,5
12/01/2022 13:44:33,3.77,8.24,5
12/01/2022 13:54:33,3.77,8.89,5
12/01/2022 14:04:33,3.73,8.24,5
12/01/2022 14:14:33,3.82,8.46,5
12/01/2022 14:24:33,4.42,4371.20,5
12/01/2022 14:34:33,4.50,4312.32,5
12/01/2022 14:44:33,4.72,4291.84,5
12/01/2022 14:54:33,4.97,4288.00,5
12/01/2022 15:04:33,5.23,4284.16,5
12/01/2022 15:14:33,5.32,4322.56,5
12/01/2022 15:24:33,5.40,4423.68,5
12/01/2022 15:34:33,5.53,4997.12,5
12/01/2022 15:44:33,5.57,4405.76,5
12/01/2022 15:54:33,6.09,5205.76,5
12/01/2022 16:04:33,5.79,5031.68,5
12/01/2022 16:14:33,5.75,4872.96,5
12/01/2022 16:24:33,5.75,4890.88,5
12/01/2022 16:34:33,5.75,4917.76,5
12/01/2022 16:44:33,5.70,4915.20,5
12/01/2022 16:54:33,5.75,4901.12,5
12/01/2022 17:04:33,5.70,4872.96,5
12/01/2022 17:14:33,5.75,4872.96,5
12/01/2022 17:24:33,5.70,4880.64,5
12/01/2022 17:34:33,5.66,4907.52,5
12/01/2022 17:44:33,5.70,4893.44,5
12/01/2022 17:54:33,5.66,4931.84,5
12/01/2022 18:04:33,5.62,4915.20,5
12/01/2022 18:14:33,5.66,4935.68,5
12/01/2022 18:24:33,5.62,4921.60,5
12/01/2022 18:34:33,5.62,4928.00,5
12/01/2022 18:44:33,5.57,4931.84,5
12/01/2022 18:54:33,5.57,4925.44,5
12/01/2022 19:04:33,5.53,4880.64,5
12/01/2022 19:14:33,5.53,4907.52,5
12/01/2022 19:24:33,5.49,0.00,5
12/01/2022 19:34:33,5.10,0.00,5
12/01/2022 19:44:33,4.93,0.00,5
12/01/2022 19:54:33,4.84,0.00,5
12/01/2022 20:04:33,4.72,0.00,5
12/01/2022 20:14:33,5.23,0.00,5
12/01/2022 20:24:33,6.00,0.00,5
12/01/2022 20:34:33,6.26,0.00,5
12/01/2022 20:44:33,6.22,0.00,5
12/01/2022 20:54:33,6.26,0.00,5
12/01/2022 21:04:33,6.17,0.00,5
12/01/2022 21:14:33,6.13,0.00,5
12/01/2022 21:24:33,6.09,0.00,5
12/01/2022 21:34:33,5.96,0.00,5
12/01/2022 21:44:33,5.83,0.00,5
12/01/2022 21:54:33,5.70,0.00,5
12/01/2022 22:04:33,5.66,0.00,5
12/01/2022 22:14:33,5.57,0.00,5
12/01/2022 22:24:33,5.45,0.00,5
12/01/2022 22:34:33,5.40,0.00,5
12/01/2022 22:44:33,5.36,0.00,5
12/01/2022 22:54:33,5.32,0.00,5
12/01/2022 23:04:33,5.23,0.00,5
12/01/2022 23:14:33,5.19,0.00,5
12/01/2022 23:24:33,5.02,0.00,5
12/01/2022 23:34:33,4.97,0.00,5
12/01/2022 23:44:33,4.93,0.00,5
12/01/2022 23:54:33,4.84,0.00,5
12/02/2022 00:04:33,4.80,0.00,5
12/02/2022 00:14:33,4.80,0.00,5
12/02/2022 00:24:33,4.76,0.00,5
12/02/2022 00:34:33,4.76,0.00,5
12/02/2022 00:44:33,4.67,0.00,5
12/02/2022 00:54:33,4.63,0.00,5
12/02/2022 01:04:33,4.67,0.00,5
12/02/2022 01:14:33,4.54,0.00,5
12/02/2022 01:24:33,4.46,0.00,5
12/02/2022 01:34:33,4.46,0.00,5
12/02/2022 01:44:33,4.42,0.00,5
12/02/2022 01:54:33,4.42,0.00,5
12/02/2022 02:04:33,4.37,0.00,5
12/02/2022 02:14:33,4.37,0.00,5
12/02/2022 02:24:33,4.37,0.00,5
12/02/2022 02:34:33,4.33,0.00,5
12/02/2022 02:44:33,4.33,0.00,5
12/02/2022 02:54:33,4.29,0.00,5
12/02/2022 03:04:33,4.24,0.00,5
12/02/2022 03:14:33,4.24,0.00,5
12/02/2022 03:24:33,4.16,0.00,5
12/02/2022 03:34:33,4.24,0.00,5
12/02/2022 03:44:33,4.20,0.00,5
12/02/2022 03:54:33,4.20,0.00,5
12/02/2022 04:04:33,4.20,0.00,5
12/02/2022 04:14:33,4.20,0.00,5
12/02/2022 04:24:33,4.20,0.00,5
12/02/2022 04:34:33,4.20,0.00,5
12/02/2022 04:44:33,4.16,0.00,5
12/02/2022 04:54:33,4.12,0.00,5
12/02/2022 05:04:33,4.12,0.00,5
12/02/2022 05:14:33,4.16,0.00,5
12/02/2022 05:24:33,4.12,0.00,5
12/02/2022 05:34:33,4.07,0.00,5
12/02/2022 05:44:33,4.07,0.00,5
12/02/2022 05:54:33,4.07,0.00,5
12/02/2022 06:04:33,4.07,0.00,5
12/02/2022 06:14:33,4.12,0.00,5
12/02/2022 06:24:33,4.03,0.00,5
12/02/2022 06:34:33,4.12,0.00,5
12/02/2022 06:44:33,4.07,0.00,5
12/02/2022 06:54:33,4.07,0.00,5
12/02/2022 07:04:33,4.03,0.00,5
12/02/2022 07:14:33,4.03,0.00,5
12/02/2022 07:24:33,4.07,0.00,5
12/02/2022 07:34:33,4.03,0.00,5
12/02/2022 07:44:33,3.99,0.00,5
12/02/2022 07:54:33,4.03,0.00,5
12/02/2022 08:04:33,3.99,0.00,5
12/02/2022 08:14:33,4.03,0.00,5
12/02/2022 08:24:33,4.24,4994.56,5
12/02/2022 08:34:33,4.46,4949.76,5
12/02/2022 08:44:33,4.54,4554.24,5
12/02/2022 08:54:33,4.50,4616.96,5
12/02/2022 09:04:33,4.54,4647.68,5
12/02/2022 09:14:33,4.59,4627.20,5
12/02/2022 09:24:33,4.63,4592.64,5
12/02/2022 09:34:33,4.63,4661.76,5
12/02/2022 09:44:33,4.63,4665.60,5
12/02/2022 09:54:33,4.76,4679.68,5
12/02/2022 10:04:33,4.76,4627.20,5
12/02/2022 10:14:33,4.76,4686.08,5
12/02/2022 10:24:33,5.19,3289.60,5
12/02/2022 10:34:33,5.83,3225.60,5
12/02/2022 10:44:33,6.05,3157.76,5
12/02/2022 10:54:33,6.17,3109.12,5
12/02/2022 11:04:33,6.22,3078.40,5
12/02/2022 11:14:33,6.22,3054.08,5
12/02/2022 11:24:33,6.17,3083.52,5
12/02/2022 11:34:33,6.05,3060.48,5
12/02/2022 11:44:33,5.96,3052.80,5
12/02/2022 11:54:33,5.87,3023.36,5
12/02/2022 12:04:33,5.83,3015.68,5
12/02/2022 12:14:33,5.75,3019.52,5
12/02/2022 12:24:33,5.66,3004.16,5
12/02/2022 12:34:33,5.66,2972.16,5
12/02/2022 12:44:33,5.57,3033.60,5
12/02/2022 12:54:33,5.53,3054.08,5
12/02/2022 13:04:33,5.45,3040.00,5
12/02/2022 13:14:33,5.45,3043.84,5
12/02/2022 13:24:33,5.40,3055.36,5
12/02/2022 13:34:33,5.32,3082.24,5
12/02/2022 13:44:33,5.32,3089.92,5
12/02/2022 13:54:33,5.32,3095.04,5
12/02/2022 14:04:33,5.32,3102.72,5
12/02/2022 14:14:33,5.27,3102.72,5
12/02/2022 14:24:33,5.27,3112.96,5
12/02/2022 14:34:33,5.27,3111.68,5
12/02/2022 14:44:33,5.27,3109.12,5
12/02/2022 14:54:33,5.23,3092.48,5
12/02/2022 15:04:33,5.23,3114.24,5
12/02/2022 15:14:33,5.23,3107.84,5
12/02/2022 15:24:33,5.23,3121.92,5
12/02/2022 15:34:33,5.23,3121.92,5
12/02/2022 15:44:33,5.19,3137.28,5
12/02/2022 15:54:33,5.19,3137.28,5
12/02/2022 16:04:33,5.19,3102.72,5
12/02/2022 16:14:33,5.19,3138.56,5
12/02/2022 16:24:33,5.19,3142.40,5
12/02/2022 16:34:33,5.23,3138.56,5
12/02/2022 16:44:33,5.15,3130.88,5
12/02/2022 16:54:33,5.15,3118.08,5
12/02/2022 17:04:33,5.15,3136.00,5
12/02/2022 17:14:33,5.15,3130.88,5
12/02/2022 17:24:33,5.19,3123.20,5
12/02/2022 17:34:33,5.19,3124.48,5
12/02/2022 17:44:33,5.15,3104.00,5
12/02/2022 17:54:33,5.15,3146.24,5
12/02/2022 18:04:33,5.19,3137.28,5
12/02/2022 18:14:33,5.19,3146.24,5
12/02/2022 18:24:33,5.19,3157.76,5
12/02/2022 18:34:33,5.19,3152.64,5
12/02/2022 18:44:33,5.19,3147.52,5
12/02/2022 18:54:33,5.23,3159.04,5
12/02/2022 19:04:33,5.15,3156.48,5
12/02/2022 19:14:33,5.19,3148.80,5
12/02/2022 19:24:33,5.19,0.00,5
12/02/2022 19:34:33,4.89,0.00,5
12/02/2022 19:44:33,4.72,0.00,5
12/02/2022 19:54:33,4.67,0.00,5
12/02/2022 20:04:33,4.63,0.00,5
12/02/2022 20:14:33,4.54,0.00,5
12/02/2022 20:24:33,4.46,0.00,5
12/02/2022 20:34:33,4.42,0.00,5
12/02/2022 20:44:33,4.37,0.00,5
12/02/2022 20:54:33,4.37,0.00,5
12/02/2022 21:04:33,4.37,0.00,5
12/02/2022 21:14:33,4.33,0.00,5
12/02/2022 21:24:33,4.29,0.00,5
12/02/2022 21:34:33,4.24,0.00,5
12/02/2022 21:44:33,4.24,0.00,5
12/02/2022 21:54:33,4.97,0.00,5
12/02/2022 22:04:33,6.39,0.00,5
12/02/2022 22:14:33,6.78,0.00,5
12/02/2022 22:24:33,6.73,0.00,5
12/02/2022 22:34:33,6.60,0.00,5
12/02/2022 22:44:33,6.56,0.00,5
12/02/2022 22:54:33,6.52,0.00,5
12/02/2022 23:04:33,6.35,0.00,5
12/02/2022 23:14:33,6.26,0.00,5
12/02/2022 23:24:33,6.05,0.00,5
12/02/2022 23:34:33,6.00,0.00,5
12/02/2022 23:44:33,5.96,0.00,5
12/02/2022 23:54:33,5.87,0.00,5
12/03/2022 00:04:33,5.83,0.00,5
12/03/2022 00:14:33,5.66,0.00,5
12/03/2022 00:24:33,5.53,0.00,5
12/03/2022 00:34:33,5.45,0.00,5
12/03/2022 00:44:33,5.36,0.00,5
12/03/2022 00:54:33,5.32,0.00,5
12/03/2022 01:04:33,5.32,0.00,5
12/03/2022 01:14:33,5.23,0.00,5
12/03/2022 01:24:33,5.10,0.00,5
12/03/2022 01:34:33,5.06,0.00,5
12/03/2022 01:44:33,4.97,0.00,5
12/03/2022 01:54:33,4.97,0.00,5
12/03/2022 02:04:33,4.93,0.00,5
12/03/2022 02:14:33,4.84,0.21,5
12/03/2022 02:24:33,4.80,0.00,5
12/03/2022 02:34:33,4.84,0.00,5
12/03/2022 02:44:33,4.72,0.00,5
12/03/2022 02:54:33,4.72,0.00,5
12/03/2022 03:04:33,4.76,0.00,5
12/03/2022 03:14:33,4.63,0.00,5
12/03/2022 03:24:33,4.59,0.00,5
12/03/2022 03:34:33,4.59,0.00,5
12/03/2022 03:44:33,4.54,0.00,5
12/03/2022 03:54:33,4.50,0.00,5
12/03/2022 04:04:33,4.50,0.00,5
12/03/2022 04:14:33,4.46,0.00,5
12/03/2022 04:24:33,4.46,0.00,5
12/03/2022 04:34:33,4.42,0.00,5
12/03/2022 04:44:33,4.37,0.00,5
12/03/2022 04:54:33,4.37,0.00,5
12/03/2022 05:04:33,4.33,0.00,5
12/03/2022 05:14:33,4.29,0.00,5
12/03/2022 05:24:33,4.29,0.00,5
12/03/2022 05:34:33,4.24,0.00,5
12/03/2022 05:44:33,4.29,0.00,5
12/03/2022 05:54:33,4.20,0.00,5
12/03/2022 06:04:33,4.20,0.00,5
12/03/2022 06:14:33,4.20,0.00,5
12/03/2022 06:24:33,4.16,0.00,5
12/03/2022 06:34:33,4.20,0.00,5
12/03/2022 06:44:33,4.16,0.00,5
12/03/2022 06:54:33,4.16,0.00,5
12/03/2022 07:04:33,4.16,0.00,5
12/03/2022 07:14:33,4.12,0.00,5
12/03/2022 07:24:33,4.20,0.00,5
12/03/2022 07:34:33,4.16,0.00,5
12/03/2022 07:44:33,4.16,0.00,5
12/03/2022 07:54:33,4.16,0.00,5
12/03/2022 08:04:33,4.16,0.00,5
12/03/2022 08:14:33,4.12,0.00,5
12/03/2022 08:24:33,4.16,0.00,5
12/03/2022 08:34:33,4.12,0.00,5
12/03/2022 08:44:33,4.12,0.00,5
12/03/2022 08:54:33,4.12,0.00,5
12/03/2022 09:04:33,4.07,0.21,5
12/03/2022 09:14:33,4.12,0.00,5
12/03/2022 09:24:33,4.29,4104.96,5
12/03/2022 09:34:33,4.46,4052.48,5
12/03/2022 09:44:33,4.54,4066.56,5
12/03/2022 09:54:33,4.67,4062.72,5
12/03/2022 10:04:33,4.63,4046.08,5
12/03/2022 10:14:33,4.67,4060.16,5
12/03/2022 10:24:33,4.80,4048.64,5
12/03/2022 10:34:33,4.84,4032.00,5
12/03/2022 10:44:33,5.32,4700.16,5
12/03/2022 10:54:33,5.79,5232.64,5
12/03/2022 11:04:33,5.96,5216.00,5
12/03/2022 11:14:33,6.09,5216.00,5
12/03/2022 11:24:33,6.00,5216.00,5
12/03/2022 11:34:33,6.05,5177.60,5
12/03/2022 11:44:33,6.00,5208.32,5
12/03/2022 11:54:33,5.96,5177.60,5
12/03/2022 12:04:33,6.00,5157.12,5
12/03/2022 12:14:33,5.92,5167.36,5
12/03/2022 12:24:33,5.87,5153.28,5
12/03/2022 12:34:33,5.92,5167.36,5
12/03/2022 12:44:33,5.83,5173.76,5
12/03/2022 12:54:33,5.87,5149.44,5
12/03/2022 13:04:33,5.87,5160.96,5
12/03/2022 13:14:33,5.75,5160.96,5
12/03/2022 13:24:33,5.75,5143.04,5
12/03/2022 13:34:33,5.83,5160.96,5
12/03/2022 13:44:33,5.75,5160.96,5
12/03/2022 13:54:33,5.70,5143.04,5
12/03/2022 14:04:33,5.79,5143.04,5
12/03/2022 14:14:33,5.70,5094.40,5
12/03/2022 14:24:33,5.66,5128.96,5
12/03/2022 14:34:33,5.70,5139.20,5
12/03/2022 14:44:33,5.66,5139.20,5
12/03/2022 14:54:33,5.62,5136.64,5
12/03/2022 15:04:33,5.62,5132.80,5
12/03/2022 15:14:33,5.70,5104.64,5
12/03/2022 15:24:33,5.66,5128.96,5
12/03/2022 15:34:33,5.62,5128.96,5
12/03/2022 15:44:33,5.66,5094.40,5
12/03/2022 15:54:33,5.62,5104.64,5
12/03/2022 16:04:33,5.62,5104.64,5
12/03/2022 16:14:33,5.62,5070.08,5
12/03/2022 16:24:33,5.57,5094.40,5
12/03/2022 16:34:33,5.62,5094.40,5
12/03/2022 16:44:33,5.57,5067.52,5
12/03/2022 16:54:33,5.57,5070.08,5
12/03/2022 17:04:33,5.57,5077.76,5
12/03/2022 17:14:33,5.57,5067.52,5
12/03/2022 17:24:33,5.66,5084.16,5
12/03/2022 17:34:33,5.57,5053.44,5
12/03/2022 17:44:33,5.53,5056.00,5
12/03/2022 17:54:33,5.62,5080.32,5
12/03/2022 18:04:33,5.62,5073.92,5
12/03/2022 18:14:33,5.49,5073.92,5
12/03/2022 18:24:33,5.57,5073.92,5
12/03/2022 18:34:33,5.57,5043.20,5
12/03/2022 18:44:33,5.53,5049.60,5
12/03/2022 18:54:33,5.53,5045.76,5
12/03/2022 19:04:33,5.62,5053.44,5
12/03/2022 19:14:33,5.57,5067.52,5
12/03/2022 19:24:33,5.53,5070.08,5
12/03/2022 19:34:33,5.57,5045.76,5
12/03/2022 19:44:33,5.57,5056.00,5
12/03/2022 19:54:33,5.53,5043.20,5
12/03/2022 20:04:33,5.57,5053.44,5
12/03/2022 20:14:33,5.57,5053.44,5
12/03/2022 20:24:33,5.53,5049.60,5
12/03/2022 20:34:33,5.19,0.00,5
12/03/2022 20:44:33,4.97,0.00,5
12/03/2022 20:54:33,4.84,0.00,5
12/03/2022 21:04:33,4.89,0.00,5
12/03/2022 21:14:33,4.76,0.00,5
12/03/2022 21:24:33,5.15,0.00,5
12/03/2022 21:34:33,5.62,0.00,5
12/03/2022 21:44:33,5.87,0.00,5
12/03/2022 21:54:33,5.96,0.00,5
12/03/2022 22:04:33,5.92,0.00,5
12/03/2022 22:14:33,5.92,0.00,5
12/03/2022 22:24:33,5.83,0.00,5
12/03/2022 22:34:33,5.75,0.00,5
12/03/2022 22:44:33,5.75,0.00,5
12/03/2022 22:54:33,5.62,0.00,5
12/03/2022 23:04:33,5.57,0.00,5
12/03/2022 23:14:33,5.49,0.00,5
12/03/2022 23:24:33,5.40,0.00,5
12/03/2022 23:34:33,5.36,0.00,5
12/03/2022 23:44:33,5.27,0.00,5
12/03/2022 23:54:33,5.19,0.00,5
12/04/2022 00:04:33,5.23,0.00,5
12/04/2022 00:14:33,5.06,0.00,5
12/04/2022 00:24:33,5.06,0.00,5
12/04/2022 00:34:33,5.02,0.00,5
12/04/2022 00:44:33,4.93,0.00,5
12/04/2022 00:54:33,4.89,0.00,5
12/04/2022 01:04:33,4.89,0.00,5
12/04/2022 01:14:33,4.76,0.00,5
12/04/2022 01:24:33,4.76,0.00,5
12/04/2022 01:34:33,4.72,0.00,5
12/04/2022 01:44:33,4.63,0.00,5
12/04/2022 01:54:33,4.72,0.00,5
12/04/2022 02:04:33,4.67,0.00,5
12/04/2022 02:14:33,4.50,0.00,5
12/04/2022 02:24:33,4.59,0.00,5
12/04/2022 02:34:33,4.50,0.00,5
12/04/2022 02:44:33,4.50,0.00,5
12/04/2022 02:54:33,4.50,0.00,5
12/04/2022 03:04:33,4.42,0.00,5
12/04/2022 03:14:33,4.37,0.00,5
12/04/2022 03:24:33,4.37,0.00,5
12/04/2022 03:34:33,4.33,0.00,5
12/04/2022 03:44:33,4.33,0.00,5
12/04/2022 03:54:33,4.29,0.00,5
12/04/2022 04:04:33,4.29,0.00,5
12/04/2022 04:14:33,4.29,0.00,5
12/04/2022 04:24:33,4.29,0.00,5
12/04/2022 04:34:33,4.33,0.00,5
12/04/2022 04:44:33,4.24,0.00,5
12/04/2022 04:54:33,4.20,0.00,5
12/04/2022 05:04:33,4.24,0.00,5
12/04/2022 05:14:33,4.16,0.00,5
12/04/2022 05:24:33,4.16,0.00,5
12/04/2022 05:34:33,4.20,0.00,5
12/04/2022 05:44:33,4.12,0.00,5
12/04/2022 05:54:33,4.16,0.00,5
12/04/2022 06:04:33,4.16,0.00,5
12/04/2022 06:14:33,4.12,0.00,5
12/04/2022 06:24:33,4.16,0.00,5
12/04/2022 06:34:33,4.07,0.00,5
12/04/2022 06:44:33,4.07,0.00,5
12/04/2022 06:54:33,4.16,0.00,5
12/04/2022 07:04:33,4.12,0.00,5
12/04/2022 07:14:33,4.07,0.00,5
12/04/2022 07:24:33,4.07,0.00,5
12/04/2022 07:34:33,4.07,0.21,5
12/04/2022 07:44:33,4.07,0.00,5
12/04/2022 07:54:33,4.07,0.00,5
12/04/2022 08:04:33,4.07,0.00,5
12/04/2022 08:14:33,4.07,0.00,5
12/04/2022 08:24:33,3.99,0.00,5
12/04/2022 08:34:33,4.07,0.00,5
12/04/2022 08:44:33,3.99,0.00,5
12/04/2022 08:54:33,3.99,0.00,5
12/04/2022 09:04:33,4.03,0.00,5
12/04/2022 09:14:33,4.16,0.00,5
12/04/2022 09:24:33,4.24,4901.12,5
12/04/2022 09:34:33,4.54,4821.76,5
12/04/2022 09:44:33,4.59,4832.00,5
12/04/2022 09:54:33,4.63,4824.32,5
12/04/2022 10:04:33,4.80,4803.84,5
12/04/2022 10:14:33,4.80,4817.92,5
12/04/2022 10:24:33,4.80,4793.60,5
12/04/2022 10:34:33,5.79,3907.84,5
12/04/2022 10:44:33,5.23,3959.04,5
12/04/2022 10:54:33,5.62,3944.96,5
12/04/2022 11:04:33,5.70,3928.32,5
12/04/2022 11:14:33,5.66,3924.48,5
12/04/2022 11:24:33,5.70,3920.64,5
12/04/2022 11:34:33,5.75,3907.84,5
12/04/2022 11:44:33,5.70,3920.64,5
12/04/2022 11:54:33,5.66,3910.40,5
12/04/2022 12:04:33,5.66,3914.24,5
12/04/2022 12:14:33,5.62,3914.24,5
12/04/2022 12:24:33,5.62,3918.08,5
12/04/2022 12:34:33,5.62,3910.40,5
12/04/2022 12:44:33,5.53,3914.24,5
12/04/2022 12:54:33,5.57,3910.40,5
12/04/2022 13:04:33,5.57,3886.08,5
12/04/2022 13:14:33,5.49,3904.00,5
12/04/2022 13:24:33,5.49,3897.60,5
12/04/2022 13:34:33,5.49,3875.84,5
12/04/2022 13:44:33,5.53,3910.40,5
12/04/2022 13:54:33,5.45,3897.60,5
12/04/2022 14:04:33,5.49,3897.60,5
12/04/2022 14:14:33,5.45,3900.16,5
12/04/2022 14:24:33,5.45,3883.52,5
12/04/2022 14:34:33,5.45,3910.40,5
12/04/2022 14:44:33,5.45,3886.08,5
12/04/2022 14:54:33,5.36,3893.76,5
12/04/2022 15:04:33,5.36,3893.76,5
12/04/2022 15:14:33,5.40,3889.92,5
12/04/2022 15:24:33,5.32,3889.92,5
12/04/2022 15:34:33,5.32,3889.92,5
12/04/2022 15:44:33,5.36,3889.92,5
12/04/2022 15:54:33,5.36,3886.08,5
12/04/2022 16:04:33,5.32,3879.68,5
12/04/2022 16:14:33,5.32,3875.84,5
12/04/2022 16:24:33,5.36,3883.52,5
12/04/2022 16:34:33,5.32,3859.20,5
12/04/2022 16:44:33,5.27,3838.72,5
12/04/2022 16:54:33,5.32,3824.64,5
12/04/2022 17:04:33,5.32,3859.20,5
12/04/2022 17:14:33,5.32,3865.60,5
12/04/2022 17:24:33,5.32,3834.88,5
12/04/2022 17:34:33,5.32,3855.36,5
12/04/2022 17:44:33,5.32,3855.36,5
12/04/2022 17:54:33,5.32,3855.36,5
12/04/2022 18:04:33,5.32,3861.76,5
12/04/2022 18:14:33,5.36,3869.44,5
12/04/2022 18:24:33,5.27,3848.96,5
12/04/2022 18:34:33,5.32,3855.36,5
12/04/2022 18:44:33,5.27,3855.36,5
12/04/2022 18:54:33,5.27,3869.44,5
12/04/2022 19:04:33,5.23,3848.96,5
12/04/2022 19:14:33,5.32,3861.76,5
12/04/2022 19:24:33,5.23,3831.04,5
12/04/2022 19:34:33,5.27,3869.44,5
12/04/2022 19:44:33,5.36,3848.96,5
12/04/2022 19:54:33,5.27,3855.36,5
12/04/2022 20:04:33,5.27,3875.84,5
12/04/2022 20:14:33,5.23,3865.60,5
12/04/2022 20:24:33,5.27,3861.76,5
12/04/2022 20:34:33,4.89,0.00,5
12/04/2022 20:44:33,4.80,0.00,5
12/04/2022 20:54:33,4.76,0.00,5
12/04/2022 21:04:33,4.67,63.92,5
12/04/2022 21:14:33,4.89,3910.40,5
12/04/2022 21:24:33,5.06,0.00,5
12/04/2022 21:34:33,5.36,0.00,5
12/04/2022 21:44:33,5.49,0.00,5
12/04/2022 21:54:33,5.53,0.00,5
12/04/2022 22:04:33,5.49,0.00,5
12/04/2022 22:14:33,5.45,0.00,5
12/04/2022 22:24:33,5.40,0.00,5
12/04/2022 22:34:33,5.36,0.00,5
12/04/2022 22:44:33,5.32,0.00,5
12/04/2022 22:54:33,5.19,0.00,5
12/04/2022 23:04:33,5.06,0.00,5
12/04/2022 23:14:33,5.10,0.00,5
12/04/2022 23:24:33,5.02,0.00,5
12/04/2022 23:34:33,4.93,0.00,5
12/04/2022 23:44:33,4.93,0.00,5
12/04/2022 23:54:33,4.84,0.00,5
12/05/2022 00:04:33,4.84,0.00,5
12/05/2022 00:14:33,4.80,0.00,5
12/05/2022 00:24:33,4.76,0.00,5
12/05/2022 00:34:33,4.67,0.00,5
12/05/2022 00:44:33,4.63,0.00,5
12/05/2022 00:54:33,4.67,0.00,5
12/05/2022 01:04:33,4.67,0.00,5
12/05/2022 01:14:33,4.63,0.00,5
12/05/2022 01:24:33,4.54,0.00,5
12/05/2022 01:34:33,4.50,0.00,5
12/05/2022 01:44:33,4.50,0.00,5
12/05/2022 01:54:33,4.50,0.00,5
12/05/2022 02:04:33,4.50,0.00,5
12/05/2022 02:14:33,4.42,0.00,5
12/05/2022 02:24:33,4.42,0.00,5
12/05/2022 02:34:33,4.33,0.00,5
12/05/2022 02:44:33,4.37,0.00,5
12/05/2022 02:54:33,4.37,0.00,5
12/05/2022 03:04:33,4.37,0.00,5
12/05/2022 03:14:33,4.37,0.00,5
12/05/2022 03:24:33,4.29,0.00,5
12/05/2022 03:34:33,4.29,0.00,5
12/05/2022 03:44:33,4.29,0.21,5
12/05/2022 03:54:33,4.24,0.00,5
12/05/2022 04:04:33,4.24,0.00,5
12/05/2022 04:14:33,4.24,0.00,5
12/05/2022 04:24:33,4.29,0.00,5
12/05/2022 04:34:33,4.24,0.00,5
12/05/2022 04:44:33,4.20,0.00,5
12/05/2022 04:54:33,4.16,0.00,5
12/05/2022 05:04:33,4.16,0.00,5
12/05/2022 05:14:33,4.20,0.00,5
12/05/2022 05:24:33,4.20,0.00,5
12/05/2022 05:34:33,4.16,0.00,5
12/05/2022 05:44:33,4.12,0.00,5
12/05/2022 05:54:33,4.16,0.00,5
12/05/2022 06:04:33,4.12,0.00,5
12/05/2022 06:14:33,4.16,0.00,5
12/05/2022 06:24:33,4.16,0.00,5
12/05/2022 06:34:33,4.12,0.00,5
12/05/2022 06:44:33,4.12,0.00,5
12/05/2022 06:54:33,4.12,0.00,5
12/05/2022 07:04:33,4.12,0.00,5
12/05/2022 07:14:33,4.12,0.00,5
12/05/2022 07:24:33,4.07,0.00,5
12/05/2022 07:34:33,4.12,0.00,5
12/05/2022 07:44:33,4.16,0.00,5
12/05/2022 07:54:33,4.07,0.00,5
12/05/2022 08:04:33,4.12,0.00,5
12/05/2022 08:14:33,4.07,0.00,5
12/05/2022 08:24:33,4.07,0.00,5
12/05/2022 08:34:33,4.07,0.00,5
12/05/2022 08:44:33,4.12,0.00,5
12/05/2022 08:54:33,4.12,0.00,5
12/05/2022 09:04:33,4.12,0.00,5
12/05/2022 09:14:33,4.07,0.00,5
12/05/2022 09:24:33,4.59,4440.32,5
12/05/2022 09:34:33,4.67,4377.60,5
12/05/2022 09:44:33,4.80,4381.44,5
12/05/2022 09:54:33,4.84,4389.12,5
12/05/2022 10:04:33,4.93,4391.68,5
12/05/2022 10:14:33,4.93,4367.36,5
12/05/2022 10:24:33,4.97,4343.04,5
12/05/2022 10:34:33,5.06,4346.88,5
12/05/2022 10:44:33,5.23,5205.76,5
12/05/2022 10:54:33,5.40,5216.00,5
12/05/2022 11:04:33,5.70,5088.00,5
12/05/2022 11:14:33,5.83,5045.76,5
12/05/2022 11:24:33,5.83,5070.08,5
12/05/2022 11:34:33,5.83,5059.84,5
12/05/2022 11:44:33,5.83,5043.20,5
12/05/2022 11:54:33,5.83,5056.00,5
12/05/2022 12:04:33,5.87,5025.28,5
12/05/2022 12:14:33,5.87,4990.72,5
12/05/2022 12:24:33,5.87,5035.52,5
12/05/2022 12:34:33,5.79,5011.20,5
12/05/2022 12:44:33,5.83,5045.76,5
12/05/2022 12:54:33,5.79,4942.08,5
12/05/2022 13:04:33,5.79,5008.64,5
12/05/2022 13:14:33,5.79,4986.88,5
12/05/2022 13:24:33,5.79,4966.40,5
12/05/2022 13:34:33,5.75,4966.40,5
12/05/2022 13:44:33,5.70,4935.68,5
12/05/2022 13:54:33,5.66,4949.76,5
12/05/2022 14:04:33,5.66,4938.24,5
12/05/2022 14:14:33,5.66,4931.84,5
12/05/2022 14:24:33,5.70,4917.76,5
12/05/2022 14:34:33,5.66,4901.12,5
12/05/2022 14:44:33,5.66,4893.44,5
12/05/2022 14:54:33,5.66,4897.28,5
12/05/2022 15:04:33,5.66,4883.20,5
12/05/2022 15:14:33,5.66,4883.20,5
12/05/2022 15:24:33,5.57,4862.72,5
12/05/2022 15:34:33,5.57,4852.48,5
12/05/2022 15:44:33,5.57,4828.16,5
12/05/2022 15:54:33,5.49,4817.92,5
12/05/2022 16:04:33,5.53,4800.00,5
12/05/2022 16:14:33,5.57,4821.76,5
12/05/2022 16:24:33,5.57,4779.52,5
12/05/2022 16:34:33,5.57,4775.68,5
12/05/2022 16:44:33,5.62,4769.28,5
12/05/2022 16:54:33,5.57,4765.44,5
12/05/2022 17:04:33,5.57,4759.04,5
12/05/2022 17:14:33,5.53,4755.20,5
12/05/2022 17:24:33,5.53,4755.20,5
12/05/2022 17:34:33,5.53,4696.32,5
12/05/2022 17:44:33,5.53,4714.24,5
12/05/2022 17:54:33,5.53,4716.80,5
12/05/2022 18:04:33,5.49,4714.24,5
12/05/2022 18:14:33,5.45,4700.16,5
12/05/2022 18:24:33,5.49,4689.92,5
12/05/2022 18:34:33,5.45,4689.92,5
12/05/2022 18:44:33,5.45,4657.92,5
12/05/2022 18:54:33,5.40,4696.32,5
12/05/2022 19:04:33,5.40,4700.16,5
12/05/2022 19:14:33,5.40,4682.24,5
12/05/2022 19:24:33,5.45,4686.08,5
12/05/2022 19:34:33,5.40,4692.48,5
12/05/2022 19:44:33,5.45,4692.48,5
12/05/2022 19:54:33,5.40,4686.08,5
12/05/2022 20:04:33,5.40,4692.48,5
12/05/2022 20:14:33,5.40,4710.40,5
12/05/2022 20:24:33,5.36,4704.00,5
12/05/2022 20:34:33,5.32,4710.40,5
12/05/2022 20:44:33,5.32,4714.24,5
12/05/2022 20:54:33,5.27,0.00,5
12/05/2022 21:04:33,4.97,0.00,5
12/05/2022 21:14:33,4.84,0.00,5
12/05/2022 21:24:33,4.72,0.00,5
12/05/2022 21:34:33,5.57,0.00,5
12/05/2022 21:44:33,4.80,0.00,5
12/05/2022 21:54:33,4.67,0.00,5
12/05/2022 22:04:33,5.49,0.00,5
12/05/2022 22:14:33,6.09,0.00,5
12/05/2022 22:24:33,6.30,3.24,5
12/05/2022 22:34:33,6.26,0.00,5
12/05/2022 22:44:33,6.22,0.00,5
12/05/2022 22:54:33,6.17,0.00,5
12/05/2022 23:04:33,6.17,0.00,5
12/05/2022 23:14:33,6.13,0.00,5
12/05/2022 23:24:33,6.00,0.00,5
12/05/2022 23:34:33,5.92,0.00,5
12/05/2022 23:44:33,5.75,0.00,5
12/05/2022 23:54:33,5.66,0.00,5
12/06/2022 00:04:33,5.66,0.00,5
12/06/2022 00:14:33,5.57,0.00,5
12/06/2022 00:24:33,5.49,0.00,5
12/06/2022 00:34:33,5.32,0.00,5
12/06/2022 00:44:33,5.27,0.00,5
12/06/2022 00:54:33,5.19,0.00,5
12/06/2022 01:04:33,5.15,0.00,5
12/06/2022 01:14:33,5.06,0.00,5
12/06/2022 01:24:33,5.10,0.00,5
12/06/2022 01:34:33,4.97,0.00,5
12/06/2022 01:44:33,4.93,0.00,5
12/06/2022 01:54:33,4.89,0.00,5
12/06/2022 02:04:33,4.80,0.00,5
12/06/2022 02:14:33,4.89,0.00,5
12/06/2022 02:24:33,4.76,0.00,5
12/06/2022 02:34:33,4.67,0.00,5
12/06/2022 02:44:33,4.67,0.00,5
12/06/2022 02:54:33,4.72,0.43,5
12/06/2022 03:04:33,4.59,0.00,5
12/06/2022 03:14:33,4.59,0.00,5
12/06/2022 03:24:33,4.63,0.00,5
12/06/2022 03:34:33,4.50,0.00,5
12/06/2022 03:44:33,4.50,0.00,5
12/06/2022 03:54:33,4.54,0.00,5
12/06/2022 04:04:33,4.46,0.00,5
12/06/2022 04:14:33,4.42,0.00,5
12/06/2022 04:24:33,4.46,0.00,5
12/06/2022 04:34:33,4.37,0.00,5
12/06/2022 04:44:33,4.33,0.00,5
12/06/2022 04:54:33,4.37,0.00,5
12/06/2022 05:04:33,4.37,0.00,5
12/06/2022 05:14:33,4.29,0.00,5
12/06/2022 05:24:33,4.33,0.00,5
12/06/2022 05:34:33,4.24,0.00,5
12/06/2022 05:44:33,4.24,0.00,5
12/06/2022 05:54:33,4.33,0.00,5
12/06/2022 06:04:33,4.20,0.00,5
12/06/2022 06:14:33,4.20,0.00,5
12/06/2022 06:24:33,4.24,0.00,5
12/06/2022 06:34:33,4.24,0.00,5
12/06/2022 06:44:33,4.16,0.00,5
12/06/2022 06:54:33,4.20,0.00,5
12/06/2022 07:04:33,4.16,0.00,5
12/06/2022 07:14:33,4.20,0.00,5
12/06/2022 07:24:33,4.16,0.00,5
12/06/2022 07:34:33,4.12,0.00,5
12/06/2022 07:44:33,4.16,0.00,5
12/06/2022 07:54:33,4.12,0.00,5
12/06/2022 08:04:33,4.12,0.00,5
12/06/2022 08:14:33,4.16,0.00,5
12/06/2022 08:24:33,4.12,0.00,5
12/06/2022 08:34:33,4.12,0.00,5
12/06/2022 08:44:33,4.07,0.00,5
12/06/2022 08:54:33,4.07,0.00,5
12/06/2022 09:04:33,4.12,0.00,5
12/06/2022 09:14:33,4.16,0.00,5
12/06/2022 09:24:33,4.24,3599.36,5
12/06/2022 09:34:33,4.46,3540.48,5
12/06/2022 09:44:33,4.59,3544.32,5
12/06/2022 09:54:33,4.63,3517.44,5
12/06/2022 10:04:33,4.67,3520.00,5
12/06/2022 10:14:33,4.76,3530.24,5
12/06/2022 10:24:33,4.80,3546.88,5
12/06/2022 10:34:33,4.80,3490.56,5
12/06/2022 10:44:33,4.89,3499.52,5
12/06/2022 10:54:33,4.84,3504.64,5
12/06/2022 11:04:33,4.89,3509.76,5
12/06/2022 11:14:33,4.97,3480.32,5
12/06/2022 11:24:33,4.89,3504.64,5
12/06/2022 11:34:33,5.02,3509.76,5
12/06/2022 11:44:33,5.06,3480.32,5
12/06/2022 11:54:33,5.06,3493.12,5